Cluster,MonetaryValue,Frequency,Recency
2,1658.3999999999999,5,74
2,3678.69,3,18
1,294.4,1,309
1,300.93,1,374
2,1729.54,9,35
3,406.76,2,203
3,1079.4,1,231
3,947.61,2,213
2,3447.07,5,1
0,3612.89,6,51
3,451.25,4,286
0,4737.23,10,2
3,552.0,2,109
3,1208.1,4,7
1,320.69,1,290
1,500.24,1,633
3,150.9,1,3
1,917.6999999999999,1,627
1,1511.15,3,412
0,3960.31,7,50
2,3347.38,4,59
3,1196.04,3,71
1,927.6500000000001,3,310
2,2669.22,3,24
3,377.5,2,10
1,383.15,2,389
2,3266.32,4,314
2,1470.22,4,81
3,1474.81,3,4
2,1628.56,5,184
3,425.27000000000004,2,28
1,1668.4,1,378
1,660.8,2,337
1,143.94,1,414
0,3901.11,8,15
1,1433.33,3,402
3,504.84000000000003,1,79
2,2773.42,6,21
1,234.75000000000003,1,590
2,2399.4500000000003,6,71
3,1080.48,2,63
0,4551.27,15,18
1,931.43,1,673
2,2214.9,2,35
3,1435.66,1,45
2,1842.3,7,118
1,205.25,1,413
1,69.3,1,302
2,1136.9,6,322
3,947.36,2,49
3,1390.39,1,148
2,1507.1200000000001,5,49
0,3905.77,8,32
1,773.71,3,308
1,346.9,1,409
2,2404.93,6,74
3,871.45,4,66
3,532.41,4,216
1,202.56,1,656
2,2021.2,4,112
1,391.01,2,385
3,600.39,1,63
2,874.6,6,15
0,3639.35,12,95
0,2301.39,10,0
2,3340.03,4,162
3,1741.41,2,77
3,1201.21,2,194
3,949.3,3,21
3,216.4,1,42
0,4359.32,4,42
3,1103.43,3,84
3,429.01000000000005,1,99
2,2466.85,2,13
1,1158.18,2,682
1,739.2,2,461
1,311.1,1,366
3,144.06,1,2
1,365.31,1,731
0,4085.46,5,20
3,378.98,2,21
3,1002.3100000000001,1,57
3,431.49,1,242
3,365.45,1,43
0,4274.89,5,21
3,688.2,5,155
3,348.57,1,16
3,707.09,1,133
2,2581.04,3,43
2,2555.91,7,65
2,1502.49,4,70
1,398.36,1,604
1,296.65,1,455
3,626.88,1,154
3,937.59,2,18
3,1200.78,4,52
2,957.05,8,9
3,682.1899999999999,2,16
1,132.8,1,422
2,3238.74,5,187
1,3070.54,2,522
1,211.95,1,689
2,2596.23,3,53
3,1065.64,2,53
3,545.99,1,3
3,473.2,1,10
0,4834.85,7,27
1,708.1,1,528
1,917.28,1,431
1,285.29999999999995,1,730
3,1244.66,3,9
1,298.93,1,335
3,424.40000000000003,1,38
3,607.21,3,62
3,379.74,2,165
2,1602.8700000000001,9,15
1,277.4,1,640
1,54.09,2,619
3,349.70000000000005,3,20
1,357.72,1,559
1,2025.39,1,336
2,2995.87,5,95
1,896.0,1,583
3,689.05,4,17
1,787.2,1,408
3,73.5,1,232
2,1508.06,4,133
3,398.27,2,25
1,158.5,1,283
2,3039.03,7,142
1,3084.02,1,428
3,138.03,2,65
3,558.29,1,112
3,1597.76,2,266
1,278.7,1,352
2,2288.62,4,77
2,2322.84,4,27
2,1840.89,5,0
3,636.54,2,63
2,2346.2599999999998,5,78
3,545.68,1,142
3,156.72,2,38
1,883.73,3,497
3,1172.66,3,0
3,717.51,5,81
2,1645.48,6,8
1,316.48,1,527
0,3381.26,9,59
3,1771.2,2,14
3,313.83000000000004,1,29
1,1223.89,2,627
3,981.18,1,130
3,716.35,2,91
2,4279.71,1,58
1,612.94,1,408
3,640.45,2,28
3,841.18,3,29
1,481.88,2,483
1,840.25,1,447
3,316.7,1,35
3,832.39,2,74
3,1021.5,2,46
3,299.58,3,197
3,67.19999999999999,1,165
1,1570.68,5,575
3,824.83,1,78
1,168.0,1,357
3,317.82,1,39
0,4104.75,12,7
1,384.5,1,448
3,603.71,2,49
3,269.96,1,7
1,525.71,2,310
3,1918.01,2,4
1,238.85,1,302
0,4426.92,9,7
1,221.24,1,408
3,402.9,1,260
1,145.92,1,288
3,297.65,1,85
1,52.0,1,644
3,519.61,2,39
3,912.42,2,8
3,717.41,5,226
1,182.45000000000002,1,315
1,568.8199999999999,2,456
2,2062.72,8,35
2,1649.8,8,34
2,4026.4500000000003,4,20
3,386.42,1,77
3,962.9,2,246
3,179.71,1,39
2,1820.4,4,238
2,2254.15,9,3
3,1824.1,2,233
2,2062.67,4,16
3,104.0,1,7
3,718.78,3,38
2,3294.91,6,28
1,1128.15,3,316
2,1723.6399999999999,4,91
3,382.09999999999997,3,108
0,4890.110000000001,14,37
1,281.02,1,504
3,450.27,2,50
2,3195.22,4,18
0,4192.09,10,9
0,2026.72,13,28
2,573.26,6,189
3,153.12,1,58
3,613.1999999999999,1,21
3,236.18,2,78
1,1124.95,3,375
3,1579.51,1,59
1,415.79,1,404
0,3021.86,9,77
2,1747.54,4,22
3,1193.32,1,51
3,668.0400000000001,1,73
3,315.6,1,277
3,1023.1,3,94
3,355.53,1,28
3,137.31,1,21
0,3085.7,9,15
3,1303.41,3,14
3,162.1,1,231
0,3315.84,7,275
3,569.13,2,105
0,4678.88,4,211
0,4082.53,6,10
3,732.46,3,3
1,1198.22,2,385
3,1030.88,2,9
2,3321.57,6,56
1,714.88,2,520
0,5156.16,7,58
1,360.0,1,547
2,2624.41,4,89
3,681.49,2,32
3,1072.37,3,238
3,994.58,3,23
3,145.9,1,114
3,905.26,3,24
2,1900.49,4,129
0,3215.3,8,33
3,1346.97,2,4
3,1039.0,4,154
2,2096.65,8,106
3,242.44000000000003,1,2
1,377.75,4,334
1,891.03,2,330
2,4160.83,3,148
3,529.98,5,10
1,243.35000000000002,1,423
2,1427.18,4,10
3,632.05,1,18
3,73.68,1,29
3,227.1,1,10
1,162.0,1,435
1,185.4,2,624
1,259.6,3,324
1,1248.42,1,393
3,460.13,1,57
3,1427.73,2,150
0,3436.29,7,9
1,2622.481,1,605
1,407.05,2,329
3,1140.02,3,4
2,1844.6,4,38
1,874.5,2,553
0,2333.09,10,24
1,359.1,2,554
3,951.02,4,58
3,790.81,4,0
2,2073.63,6,7
2,2575.08,6,27
1,142.28,1,371
1,1858.91,1,480
2,4873.8099999999995,1,113
3,1139.61,2,25
3,335.01,1,205
2,1044.4,6,27
1,110.95,1,636
2,1415.02,7,126
2,1663.35,3,69
2,1371.1200000000001,7,6
1,731.91,2,434
3,757.59,3,28
1,285.75,1,589
1,566.11,1,417
0,4525.99,4,7
2,2248.41,6,79
3,201.0,1,19
3,898.53,4,70
2,1740.84,8,6
1,603.42,1,291
3,1023.02,3,96
1,1213.05,2,611
3,794.55,1,0
3,273.86,1,105
3,963.49,2,3
3,1058.91,3,150
3,202.25,1,70
3,572.95,2,4
0,3635.08,8,31
3,979.63,4,84
3,707.07,5,3
2,2083.52,7,4
2,2278.56,3,370
0,3690.6,11,27
0,4905.53,10,10
2,926.17,5,70
3,417.01,1,113
1,703.25,1,521
3,218.26000000000002,1,179
2,2424.02,4,233
1,603.65,3,352
1,689.5699999999999,2,314
1,144.0,1,332
1,274.7,1,371
2,2421.23,2,98
3,427.6,1,63
1,236.07,1,532
1,1201.52,1,625
3,546.43,2,133
1,723.85,2,486
1,254.55,1,540
3,275.88,1,128
1,268.27,1,444
2,4366.78,1,80
2,3010.74,3,235
3,112.07999999999998,1,86
0,4199.2,9,15
0,4618.74,8,51
1,317.8,1,455
1,712.95,1,464
3,1702.52,2,7
3,814.16,2,137
1,1693.88,1,316
1,1299.58,6,471
1,949.82,1,375
1,168.69000000000003,1,450
3,1143.6,1,238
2,3246.45,2,210
1,226.3,1,485
3,752.47,1,59
1,124.25,1,563
1,83.7,1,535
2,1551.12,7,16
1,27.5,1,667
1,519.45,1,457
2,1541.68,9,19
1,322.4,1,598
3,786.74,2,63
0,3862.2400000000002,11,4
2,1295.87,4,1
3,1552.75,2,14
1,904.4,3,363
1,668.5,1,609
3,799.18,4,9
1,384.9,4,462
3,225.35,3,64
3,546.85,2,191
1,834.4300000000001,5,373
3,715.01,2,256
1,849.33,3,334
3,860.41,2,52
3,318.48,1,18
1,351.0,1,627
1,694.11,2,365
1,219.35,1,528
1,500.25,2,469
1,871.82,1,500
2,2186.42,5,186
1,1017.81,1,392
1,327.02,2,465
1,1230.95,4,381
1,2558.96,2,571
1,250.35,1,382
3,850.1,5,36
3,1384.3400000000001,3,177
1,534.99,2,534
3,893.9,4,261
3,229.64000000000001,1,44
1,1621.8,3,501
3,85.92,1,101
3,863.46,2,147
3,452.20000000000005,2,95
3,570.98,3,280
3,1182.0800000000002,1,261
1,540.52,1,457
0,2689.52,11,2
3,220.8,2,213
3,948.88,2,70
3,397.12,1,59
1,518.63,2,520
0,2955.75,12,2
3,430.15000000000003,3,5
2,1018.71,6,2
1,385.3,3,336
3,451.11,3,261
3,383.03,2,31
3,417.38,1,144
3,312.38,1,282
3,688.41,2,172
0,3398.48,10,33
0,4041.97,7,143
2,1917.99,4,69
3,648.6,4,28
3,354.09,4,266
3,1636.8999999999999,2,21
1,208.0,1,675
2,3064.07,6,30
1,330.0,1,445
3,284.13,2,96
1,311.55,1,294
0,3907.5,11,134
2,2994.02,7,78
1,650.9399999999999,4,372
2,2179.93,6,7
0,3688.0,6,210
1,177.92,1,382
1,575.1,1,458
1,55.47,1,692
1,68.25,1,619
1,1008.3199999999999,2,425
2,2792.5499999999997,6,51
3,299.57,2,137
2,3323.47,4,25
3,1092.35,3,282
2,2247.06,8,185
1,337.66999999999996,1,681
1,1676.95,3,374
3,744.02,3,83
0,3685.4900000000002,12,326
2,2027.3,3,281
1,873.42,2,384
2,1356.99,5,142
2,3751.79,4,57
3,854.99,2,235
3,573.22,3,44
1,640.13,2,381
3,298.0,1,275
3,1463.04,2,8
3,703.47,4,24
3,309.05,1,87
3,1175.22,3,62
3,1378.4,2,67
1,222.4,1,383
3,354.12,2,213
1,385.46000000000004,4,380
3,717.27,2,23
2,840.5,11,185
1,263.38,1,396
3,188.14,1,30
1,157.35,1,574
3,372.8,2,41
3,514.25,4,204
1,310.96000000000004,2,463
1,366.4,1,413
1,340.33,1,421
3,138.68,1,264
1,833.53,1,428
3,509.58,2,17
1,1018.42,2,576
2,2919.81,5,11
1,508.91,2,395
2,1776.0,5,175
0,3103.19,8,39
1,1680.47,1,551
2,1662.3,5,2
1,223.98,1,400
3,1174.75,4,148
0,4654.0199999999995,7,138
0,4359.2,6,127
2,1335.19,6,7
3,488.09000000000003,4,16
3,405.38,1,160
3,788.62,3,63
0,2461.45,12,87
3,729.3299999999999,3,4
1,1548.08,4,410
1,197.31,1,394
0,4304.89,12,34
1,117.85,1,311
3,415.8,2,77
2,1698.56,8,538
2,1687.03,8,23
1,181.65,1,736
0,4243.86,15,1
3,1063.9,4,16
0,3097.61,9,14
3,114.14,1,25
3,913.54,2,54
1,377.49,1,723
3,942.65,3,130
1,496.5,2,557
3,604.51,2,35
3,900.11,2,287
1,324.45,1,436
2,1908.03,6,143
2,2317.43,9,15
2,1843.0,3,1
0,3213.7200000000003,15,8
2,1387.79,4,5
3,828.8100000000001,2,9
1,162.45,1,638
0,4757.16,11,0
1,521.89,4,305
1,539.49,2,399
1,150.95,1,483
1,1322.07,4,413
1,211.99,1,378
3,266.39,2,6
0,3601.59,12,7
1,132.24,1,436
3,771.91,1,88
3,160.18,1,9
2,4306.92,3,357
3,135.95,1,111
1,122.45,1,602
2,1523.91,10,6
1,1161.2,4,413
1,385.55,1,413
3,408.95,2,197
2,2100.09,6,436
0,3156.38,8,211
3,517.63,4,155
2,2502.82,5,384
1,517.7,1,728
3,372.21999999999997,2,29
2,2744.81,8,242
1,490.08000000000004,1,597
3,97.5,1,18
3,1239.38,2,0
0,2729.84,10,428
2,1312.21,5,73
1,535.32,1,291
2,955.5,7,30
3,764.82,3,22
1,93.35000000000001,1,724
2,1259.6299999999999,8,22
3,974.4200000000001,3,3
3,211.32,1,84
1,355.5,1,375
2,2110.91,8,21
1,920.08,3,492
3,455.88,3,195
3,1032.5,4,106
1,414.13,3,317
3,149.05,3,105
3,999.68,4,173
3,81.57,1,55
1,175.25,1,579
1,612.13,3,322
1,234.0,1,672
1,330.12,2,373
1,101.10000000000001,1,371
0,2972.83,11,8
3,789.89,3,72
3,204.0,1,6
2,1229.95,6,378
1,618.96,2,562
1,50.3,1,429
3,1251.03,3,63
1,555.87,2,470
1,323.39,1,731
2,1733.08,9,0
3,661.3199999999999,2,22
2,1927.3,5,30
3,1227.22,2,10
2,3419.27,5,406
0,2843.55,9,51
1,220.55,2,356
3,922.68,3,54
3,1364.2,3,73
1,307.1,1,684
0,3914.9500000000003,12,137
3,908.46,3,79
1,1010.73,4,583
3,676.99,2,8
1,799.13,4,450
1,1556.54,3,597
3,516.42,1,272
0,4853.9,11,290
3,808.92,3,98
3,949.25,3,30
0,4084.21,9,13
2,1408.24,4,63
1,155.8,2,578
2,3167.68,7,211
1,127.65,1,621
2,2321.11,4,77
1,209.48,1,550
1,722.09,3,529
3,271.40000000000003,3,24
0,2303.17,10,249
3,307.53,1,253
3,248.61,1,71
3,346.98,1,190
1,188.4,1,480
2,1680.74,6,12
1,1260.91,5,372
3,470.8,2,23
3,508.51,3,81
3,344.0,2,9
3,751.7,4,191
1,129.22,1,611
3,177.15,1,266
1,418.08,2,410
1,1378.74,4,510
3,919.61,1,129
1,135.4,1,457
0,3064.67,11,0
3,419.18,6,3
3,280.73,4,178
3,395.43,3,3
1,122.39999999999999,1,491
2,2433.28,8,157
1,439.33000000000004,1,382
1,313.64,1,725
1,236.11,1,416
3,1108.8,2,27
0,2140.28,12,70
0,2433.1200000000003,13,20
3,74.39999999999999,1,70
1,419.70000000000005,1,393
3,207.35999999999999,1,98
3,695.4,4,233
3,709.64,3,39
2,1709.1,9,2
1,72.0,1,435
3,603.46,2,132
1,1098.52,2,372
3,1134.03,3,59
0,2957.4700000000003,12,30
1,321.88000000000005,1,718
1,20.6,1,540
1,234.38,1,730
3,501.14,1,137
0,2415.41,9,19
1,134.9,1,668
3,30.599999999999998,1,238
3,283.73,1,268
3,922.39,2,93
1,506.75,2,472
0,4782.45,4,89
1,158.57,1,523
0,3998.25,13,4
3,259.17,1,77
1,263.5,1,630
1,233.25,2,451
3,64.0,1,93
0,3313.77,7,22
3,77.3,1,261
3,200.45000000000002,3,273
2,2475.23,6,85
2,3371.45,2,196
2,1467.24,7,21
2,1215.68,5,107
3,307.09,1,18
1,405.1,1,584
1,135.35,2,332
2,1423.52,7,39
3,228.91,1,25
3,712.8000000000001,4,9
2,1676.06,4,13
1,449.96999999999997,3,483
2,2570.2400000000002,3,295
2,2146.38,7,416
3,486.22,1,5
1,1624.84,3,398
2,1750.18,6,32
1,1586.54,3,384
2,1508.18,5,94
2,1437.85,4,8
3,91.8,1,21
1,478.88,2,312
1,17.65,1,609
1,372.2,2,568
3,1451.16,3,45
3,884.18,2,282
2,1113.15,5,18
2,1875.31,5,35
3,840.08,3,63
3,116.00999999999999,1,26
3,468.41,3,21
1,69.6,1,399
0,2629.35,11,3
1,831.45,2,581
3,492.84,1,45
3,512.2,2,64
1,572.3100000000001,1,618
1,86.10000000000001,1,606
1,359.69,1,380
3,121.18,1,44
2,1700.29,10,14
3,71.4,1,267
3,1575.89,3,39
1,348.01,4,336
3,114.60000000000001,1,10
3,260.68,2,18
1,570.66,3,543
1,159.21,1,657
2,2558.58,6,94
3,117.88,1,60
3,472.78,2,135
1,172.38,1,413
2,3068.84,7,10
1,373.01000000000005,1,609
0,4974.2300000000005,8,9
3,870.09,4,18
1,1240.6100000000001,4,501
2,1580.3,7,393
0,2648.25,10,9
1,966.6600000000001,1,730
1,2803.2,1,442
3,535.86,4,14
2,1964.02,8,58
3,353.48,1,93
0,2729.32,10,9
3,788.08,3,19
0,3851.52,11,56
2,3264.23,7,417
1,81.6,1,401
3,333.74,1,267
3,666.48,4,121
3,62.63999999999999,1,126
1,76.23,1,617
2,1336.0900000000001,5,77
3,844.86,2,239
1,88.5,1,576
2,969.1200000000001,6,199
2,2152.95,2,59
3,312.46,2,272
3,257.7,1,201
3,358.0,1,80
3,160.95,1,225
2,1357.0,7,12
3,1176.46,4,73
1,356.95,2,672
3,1031.07,1,211
3,744.85,2,24
1,643.0,1,387
2,1006.63,6,16
2,1594.69,5,261
2,1718.1200000000001,8,95
1,115.58,1,411
2,699.4,7,111
2,1278.04,5,202
3,121.74000000000001,1,92
3,989.22,2,50
0,3387.43,11,17
3,501.12,4,17
3,465.68,2,124
2,1608.93,9,91
1,256.04,2,460
1,252.68,1,401
1,399.3,2,393
2,2951.11,4,156
1,51.410000000000004,1,375
3,904.46,3,8
1,149.75,1,435
2,1035.18,5,11
2,1429.63,9,61
3,557.62,1,60
3,944.1,2,268
3,573.45,3,262
1,722.5600000000001,1,442
2,2107.66,5,52
0,3192.65,10,17
1,1180.0,1,365
3,217.38,1,36
3,276.56,2,30
3,138.98,1,112
1,360.85,1,408
1,241.66,2,383
2,1939.26,5,63
2,523.3,7,15
2,1425.35,4,40
3,137.75,1,77
2,2322.63,7,121
1,350.85,1,438
2,1313.19,4,17
3,373.36,4,59
1,201.19,1,330
2,3364.59,6,22
1,734.91,1,599
1,781.59,3,602
1,927.61,5,442
1,307.95,1,723
0,3320.84,11,155
2,994.51,5,38
2,1192.94,6,391
2,1689.53,3,189
1,1101.97,4,359
2,792.51,6,136
0,4368.62,7,7
3,360.0,1,0
3,1218.7,3,267
3,1285.51,3,168
3,600.19,4,103
3,159.2,2,154
1,61.72,1,399
1,1217.99,4,350
0,3754.71,16,3
1,53.65,1,429
3,273.34,3,119
2,1670.3700000000001,4,22
2,1706.3700000000001,6,6
2,1541.2,5,27
3,598.57,2,3
1,124.75,1,450
0,3445.32,12,21
3,775.94,3,1
1,310.26,1,688
3,640.76,3,0
2,2228.1,6,77
3,567.36,2,71
3,199.48000000000002,1,16
3,787.85,5,2
3,675.3,1,81
1,281.76,1,431
1,1308.48,1,315
0,5112.97,8,31
2,2806.18,6,92
1,262.4,1,401
3,350.9,1,13
1,1015.74,3,410
3,795.12,1,76
1,1575.26,1,545
2,2345.62,4,157
3,860.12,1,200
3,775.85,1,260
3,303.43,1,177
2,2543.72,3,67
1,339.5,1,287
1,299.4,6,462
3,291.36,1,69
3,233.76,1,63
3,197.32,1,10
3,879.12,2,15
3,323.94,1,65
3,347.97999999999996,1,59
3,743.53,1,70
3,674.7,1,121
3,768.24,1,79
2,3817.36,5,256
3,389.03,1,268
3,943.3100000000001,2,63
1,1503.65,4,431
1,1450.5,2,471
2,1623.86,3,17
3,134.95999999999998,1,70
2,2225.37,2,33
3,56.160000000000004,1,49
1,460.20000000000005,1,431
3,1021.5,4,256
1,516.5600000000001,1,365
1,1509.74,1,371
1,2297.66,2,504
3,328.64,1,89
1,372.8,2,414
3,1792.23,2,88
3,869.76,3,98
1,1452.88,2,396
3,572.56,3,25
1,62.4,1,432
2,1387.58,5,280
1,305.28000000000003,1,543
1,534.57,1,329
1,835.46,2,413
1,184.34,1,416
3,1185.65,3,130
3,797.96,3,10
3,544.08,1,74
3,59.8,1,203
1,91.14,1,676
1,1131.45,4,583
3,1180.23,3,184
3,1360.99,2,28
0,3191.87,10,72
3,670.34,2,191
1,275.4,3,463
1,310.83,1,582
2,1535.13,4,126
3,229.5,3,17
3,252.49,2,0
2,1198.81,5,203
1,568.92,2,426
1,2244.7,3,578
2,2201.96,9,23
3,213.55,1,106
1,487.34999999999997,1,619
1,429.44,6,639
2,2494.14,6,133
1,800.67,4,472
3,940.8000000000001,3,43
2,1669.49,6,4
3,221.06,1,63
3,159.85,2,149
0,4092.62,8,39
2,2626.3,1,63
1,217.03,1,428
1,572.77,1,449
2,3403.63,5,107
2,1006.53,6,18
3,499.98,3,9
3,1006.8,4,10
3,679.45,2,18
0,3316.24,8,66
1,436.55,2,570
1,658.3199999999999,4,500
2,1666.8600000000001,5,73
0,4475.2300000000005,9,4
3,196.89,1,1
0,3408.06,7,13
1,46.5,1,546
3,986.61,3,254
2,1295.25,7,422
3,720.9,2,91
1,419.87,3,666
1,1276.3700000000001,6,448
1,631.6800000000001,2,373
1,241.89999999999998,1,625
0,3881.89,11,429
3,1129.14,3,22
3,291.88,1,23
0,4120.04,13,26
3,729.8,3,258
3,781.6899999999999,3,165
1,219.87,1,640
2,2905.93,6,24
2,1766.72,6,17
1,148.22,2,688
1,1160.4099999999999,2,624
3,183.44,2,28
0,4160.0,6,38
2,1153.85,5,252
2,3097.64,6,57
1,931.12,2,445
2,1013.35,5,183
3,1083.71,2,10
1,82.4,1,652
3,165.0,2,98
2,2531.58,4,0
1,592.24,2,463
2,2657.7599999999998,8,60
3,663.79,3,235
2,1431.78,4,190
2,2061.4700000000003,5,178
0,2834.17,11,37
2,2215.78,5,468
3,851.37,4,200
1,627.82,2,416
0,3830.84,11,45
3,336.09,2,231
3,140.34,1,65
3,790.72,3,240
0,3015.2200000000003,11,232
3,1122.41,3,77
3,846.87,5,57
3,449.52,4,104
1,154.25,1,653
3,1269.84,3,135
3,498.63,2,274
1,316.26000000000005,1,311
3,653.33,2,10
2,1320.33,6,282
1,327.38,1,729
2,1159.11,5,17
2,1466.3,4,22
2,2885.11,3,287
3,780.5,5,16
2,1824.19,5,70
3,295.93,1,63
2,3633.63,4,72
2,1639.2,5,315
2,2479.16,4,2
3,287.05,2,243
2,1099.72,7,8
0,4558.29,11,0
1,282.76,1,676
3,713.39,4,260
3,824.59,3,126
3,815.9000000000001,4,73
2,1265.82,6,72
2,1685.26,4,20
2,2128.42,3,59
3,659.4399999999999,1,85
3,343.21,2,77
3,1092.39,3,0
3,125.80000000000001,1,29
0,5101.52,6,32
3,680.1800000000001,5,40
3,628.78,2,14
1,1182.0,2,737
0,4683.74,12,33
3,307.76,2,78
1,402.97999999999996,1,633
2,1738.52,6,204
3,210.31,1,33
3,270.79,3,182
1,89.5,1,402
0,3448.29,7,0
1,717.85,2,425
0,3112.73,12,42
2,1569.3600000000001,7,85
1,632.39,3,466
1,785.25,2,426
1,1439.6100000000001,2,633
2,829.0,6,39
1,374.64,2,390
2,1092.14,5,11
1,172.98,1,407
3,908.99,3,95
2,1005.8,8,25
1,349.51,1,382
1,244.2,2,318
1,517.8,1,674
2,1638.28,7,379
1,200.82,2,428
0,3032.26,13,27
3,605.06,4,5
1,990.0,2,512
3,174.37,1,6
2,1820.72,11,215
0,4838.18,8,81
3,777.53,2,83
3,414.8,3,18
2,1704.27,5,40
1,1083.69,4,427
3,192.85,1,172
3,892.28,4,16
3,239.49,1,242
3,1384.25,1,205
2,915.02,6,49
1,421.25,1,410
3,732.0699999999999,5,22
0,3484.28,11,24
1,147.66,1,408
2,1539.04,5,14
1,107.75,1,405
1,280.53000000000003,2,308
1,241.68,2,389
3,1445.031,2,155
1,392.45,3,306
1,684.54,3,530
1,131.53,1,540
2,1673.5,4,63
0,2478.95,9,15
2,1120.74,6,14
2,2093.94,7,64
3,247.95999999999998,4,35
3,533.32,2,52
1,818.22,3,516
3,697.04,2,5
1,396.71,2,399
3,789.59,5,46
1,518.42,2,311
3,1185.14,4,44
3,1025.17,4,64
3,164.34,1,25
1,717.62,1,658
1,522.67,2,386
3,280.53999999999996,3,28
3,1078.31,2,39
1,236.2,1,540
1,167.35,1,592
0,2174.63,14,11
0,3319.53,10,88
1,818.29,1,632
1,1039.8500000000001,5,452
2,2359.19,6,23
1,288.1,2,567
2,1278.75,8,39
3,177.34,1,173
1,230.19,2,544
1,112.34,1,527
3,213.85,1,116
1,658.95,1,695
0,2566.49,10,30
1,462.08,1,387
1,301.26,1,596
3,707.04,2,252
2,2245.9,7,58
1,310.14,1,675
2,2031.78,7,4
0,3070.42,11,99
0,3648.15,8,24
0,5027.78,15,32
2,2999.16,4,67
2,949.12,5,36
3,809.25,3,51
3,122.64,1,15
3,1346.27,2,73
1,405.0,1,610
1,942.37,4,640
3,514.72,4,215
0,2156.77,10,30
2,2624.26,4,15
3,252.1,1,119
1,326.25,2,399
0,3071.68,8,9
2,1759.07,8,399
2,1678.88,6,256
0,3288.0,10,16
3,211.85,2,39
2,2570.85,5,45
1,152.2,1,487
2,2280.51,6,113
3,1078.85,4,164
3,382.14,2,10
0,4894.88,12,205
1,314.59,1,399
1,325.24,1,602
0,2250.11,11,85
2,2047.51,5,178
1,1711.6599999999999,3,385
3,127.05,5,59
3,305.02,1,148
3,413.55,3,50
3,349.7,1,74
1,194.95,1,394
1,419.92,3,300
3,396.92,2,18
1,240.68,1,432
3,486.82000000000005,2,150
1,243.9,2,538
1,556.1899999999999,2,404
3,232.6,1,151
1,281.26,3,493
3,827.83,4,17
3,59.5,1,186
1,258.6,1,457
3,596.98,4,285
0,3119.44,7,2
3,409.04,3,182
1,375.5,1,634
3,1259.5,2,62
3,172.25,1,58
1,210.78,1,395
2,3114.4,5,24
2,2011.82,9,373
0,2770.73,16,30
1,2020.4,3,421
3,151.29999999999998,1,38
1,465.53000000000003,2,596
3,764.15,2,154
0,2613.46,13,25
1,161.0,1,446
1,135.18,1,445
1,425.56,2,317
2,2308.06,9,4
2,2035.33,7,7
1,631.17,2,302
2,3365.86,5,266
3,294.88,1,270
3,509.52,3,31
2,1792.26,9,218
3,766.42,2,246
1,743.26,3,407
1,161.35,1,464
3,138.28,1,268
2,1763.3,8,31
3,306.55,2,245
0,2814.27,11,14
3,799.9,4,116
3,741.54,2,35
2,1209.2,6,216
1,213.01,1,636
2,1980.56,8,49
3,1079.6599999999999,2,38
2,1080.05,8,28
0,2855.17,16,36
1,724.73,3,435
3,752.6,2,135
3,610.59,2,218
3,491.86,1,27
1,487.03000000000003,2,410
2,2766.21,7,4
3,339.59999999999997,1,199
1,440.93,1,395
3,292.2,2,17
2,1597.77,5,240
3,668.4300000000001,3,71
0,3131.02,12,16
2,1341.6,7,2
3,1156.36,2,94
3,777.36,2,161
1,176.69,1,413
1,249.39999999999998,2,373
2,2268.35,9,95
0,3602.1800000000003,11,53
1,296.25,1,287
2,1590.73,7,123
2,2094.57,4,287
3,447.05,3,151
2,2161.35,9,3
1,195.55,1,674
3,659.4100000000001,2,32
2,1363.6399999999999,5,53
2,1952.17,6,49
2,2472.48,5,218
2,2942.31,6,70
1,352.821,1,652
1,190.35,1,494
1,875.97,2,726
1,785.37,4,421
0,3114.22,8,33
1,301.54,2,396
3,345.0,1,81
1,1049.66,1,590
3,1124.49,4,102
1,161.13,1,515
3,735.82,3,6
3,778.83,3,250
0,1793.72,13,12
1,1542.09,4,487
0,2910.23,14,9
1,542.49,4,428
2,3358.94,6,366
2,1222.5,6,75
1,3.75,1,504
1,239.45999999999998,1,387
3,348.8,1,3
3,1516.0,2,127
3,383.95,3,65
1,96.0,1,646
1,126.03,1,546
1,836.3,4,387
1,289.7,1,498
1,1179.45,3,436
0,2803.57,9,116
2,1679.56,3,309
3,324.8,1,66
3,1338.91,3,254
0,3208.52,9,30
3,924.6,2,51
3,256.38,1,63
1,534.8,3,366
2,1747.66,5,5
1,679.7,3,304
3,827.51,2,28
3,519.75,2,183
3,485.0,3,41
2,2387.4700000000003,8,39
2,2257.32,3,91
3,499.67,2,23
3,328.98,2,28
1,61.28,1,429
2,2642.35,6,301
1,660.65,3,417
2,1410.73,6,144
3,632.0,2,5
0,3403.4500000000003,7,18
0,3314.76,12,32
1,255.59,2,621
3,189.5,1,175
3,412.05,3,57
3,209.49,1,21
1,102.0,1,420
1,156.85000000000002,1,581
3,613.6899999999999,2,18
3,701.36,2,158
1,324.19,2,576
2,1095.27,7,24
1,620.37,2,398
3,271.24,2,211
2,1966.09,10,5
1,139.95000000000002,1,485
1,651.4,1,415
3,85.0,1,252
1,319.75,1,380
3,361.62,1,10
3,312.98,1,64
2,1307.79,4,24
1,310.72,1,719
0,3335.0,8,91
2,3469.3,5,51
3,1595.48,1,128
0,4606.46,8,95
1,187.35000000000002,1,610
3,1090.14,1,56
1,1310.3400000000001,4,500
2,1142.03,11,168
1,1000.91,6,392
3,216.17,1,56
1,515.86,2,325
2,1245.9,5,0
1,273.26,2,428
0,2556.09,9,17
2,1239.55,4,247
1,662.4000000000001,1,386
3,501.56,4,57
3,145.67000000000002,1,73
3,1015.29,3,30
2,3192.54,2,6
1,919.57,3,526
2,1038.92,8,119
2,2049.15,7,357
0,4814.37,14,53
3,122.7,1,63
3,449.68,3,85
2,2473.06,4,54
1,395.5,1,645
2,1191.13,5,2
2,1888.48,10,6
3,506.8,2,188
3,243.56,1,70
3,349.55,1,203
2,2169.05,7,119
2,1991.23,6,92
0,2927.38,14,0
1,863.5600000000001,3,377
2,1267.6499999999999,6,26
1,821.1,1,297
3,564.62,3,23
0,4008.52,6,27
1,388.55,1,625
3,1160.72,3,49
1,686.4,2,325
3,388.52,2,15
2,1610.59,6,182
1,165.45000000000002,1,399
3,332.64,2,36
1,312.65,1,732
1,42.0,1,408
1,136.8,1,691
2,2319.55,4,79
1,286.6,2,422
1,124.95,1,423
1,42.22,1,506
3,626.45,2,11
1,70.80000000000001,1,393
1,1275.81,4,463
3,272.04,2,49
3,1212.8400000000001,2,49
2,1252.68,4,58
1,1774.68,4,431
1,730.7,4,401
1,865.2,3,351
3,351.13,1,53
2,1838.8500000000001,6,1
3,678.25,4,92
3,223.85000000000002,1,22
3,708.26,2,74
3,464.57,4,10
0,3494.1,11,168
3,337.34,2,57
1,307.4,1,294
3,608.7900000000001,2,108
3,922.1,1,263
3,939.66,3,179
3,880.13,2,168
3,71.66,1,34
2,1560.96,7,22
3,839.14,4,16
1,320.0,1,534
1,246.54,1,577
1,200.43,1,652
1,854.15,2,394
2,1876.23,6,78
3,90.6,1,64
1,548.76,4,360
2,2427.32,6,2
3,745.06,4,10
3,674.45,3,175
3,439.92,2,1
3,545.17,3,153
2,1026.42,5,4
1,458.25,3,417
0,4709.2300000000005,8,379
2,1076.18,6,78
3,230.22,2,20
1,538.4,1,391
3,362.8,3,21
1,438.9,2,386
1,996.61,3,476
1,390.86,1,434
3,166.3,2,145
1,123.66,1,422
1,846.55,2,385
0,4667.57,14,18
3,190.25,2,70
1,264.7,1,286
3,677.72,2,48
3,1192.36,4,206
1,519.8100000000001,1,410
3,196.79000000000002,2,14
0,3409.93,7,72
3,799.92,5,59
1,331.14,1,415
0,4445.59,9,38
0,2048.6,12,26
3,320.46,1,16
1,682.54,2,379
0,4757.8,8,19
2,2026.06,5,65
3,311.3,1,212
2,854.97,6,11
3,219.5,3,29
2,2313.14,6,3
0,3902.01,14,14
1,845.76,2,385
1,382.31,3,518
1,566.7,3,446
2,2046.3400000000001,5,210
0,4530.09,9,45
3,529.73,2,133
1,209.41,1,732
2,2874.72,5,9
2,2196.67,7,115
1,79.48,1,512
1,509.04,1,431
3,1099.91,3,197
1,445.15,2,564
1,457.82,2,479
3,328.8,1,277
2,1084.57,5,109
2,1948.21,3,76
3,917.34,1,52
1,229.75,1,570
1,367.15000000000003,1,644
3,1421.61,3,46
3,1249.01,4,16
2,1716.58,7,154
3,792.15,2,224
3,584.07,2,6
3,645.74,3,121
0,4057.9,8,464
1,713.11,2,470
3,104.82,1,60
3,467.66,2,62
0,4850.2699999999995,16,1
1,109.44,1,554
3,651.8199999999999,3,21
0,2856.72,9,28
3,626.65,1,284
2,836.95,6,175
2,3069.88,5,77
3,267.28000000000003,2,32
3,141.41,1,265
1,431.98,1,724
1,304.25,2,490
0,3119.35,10,26
1,151.59,1,283
0,4255.03,14,8
1,748.69,3,304
3,746.36,2,31
3,480.81,2,19
3,572.3,4,123
3,92.46,1,64
3,1520.96,3,105
1,469.19,2,462
3,183.6,1,266
1,917.4300000000001,3,506
0,3332.42,15,28
1,891.02,3,388
3,152.55,1,266
3,374.7,2,63
2,1528.3700000000001,4,319
1,230.06,2,514
1,326.55,1,684
2,1424.0,8,3
1,390.85,1,666
3,151.04,1,31
1,219.39999999999998,1,622
2,1724.87,5,4
3,122.47,1,128
2,615.0799999999999,6,40
2,1690.98,9,101
3,375.1,1,124
2,1115.68,5,32
1,413.36,2,364
2,1407.26,11,3
1,150.5,1,511
1,39.95,1,462
3,846.22,3,2
3,161.0,1,56
1,76.32000000000001,1,324
3,442.85,1,11
1,335.22,1,439
1,2.95,1,722
1,422.85999999999996,2,480
3,147.35,1,36
3,194.9,1,137
2,1360.28,5,4
3,768.5799999999999,5,154
1,214.79999999999998,1,736
0,4877.3,11,51
3,1044.96,4,30
3,144.2,1,72
3,692.85,4,13
2,1364.09,7,273
1,622.6700000000001,2,501
2,1382.74,5,19
3,90.0,1,143
1,458.45,1,428
1,183.37,2,375
2,2780.15,4,3
1,362.42,3,405
1,436.18,1,732
3,419.58000000000004,1,83
2,2740.43,3,10
3,1172.46,4,7
2,1900.0800000000002,6,122
3,924.21,3,60
0,2591.34,9,1
2,1882.67,4,318
1,187.87,1,648
0,3586.0299999999997,11,1
3,911.14,4,129
1,1570.81,5,400
1,332.7,1,695
3,982.3800000000001,2,1
3,1086.8,4,45
3,935.05,2,3
3,915.13,4,2
1,983.15,2,372
3,115.8,1,133
1,30.599999999999998,1,485
0,2590.2,9,77
3,466.29,2,233
3,446.62,1,220
3,658.64,2,35
1,679.45,2,672
2,1997.3400000000001,7,74
1,233.4,1,482
3,118.75,1,265
2,1002.78,5,19
3,507.66,1,39
0,3318.88,7,215
3,289.36,2,173
2,2594.62,5,86
3,1631.77,2,70
3,122.53999999999999,1,275
1,256.85,2,504
2,1296.49,8,38
1,370.45,2,420
1,616.03,2,430
1,597.33,3,374
3,498.79,2,97
1,402.72,3,604
2,586.0,6,10
3,134.46,1,32
2,916.01,5,296
0,2229.34,13,85
2,1600.93,7,8
3,719.78,2,40
1,310.55,2,410
1,678.77,4,443
1,286.29,2,410
3,452.89,1,66
1,197.65,1,330
1,1550.63,5,426
1,123.5,1,473
2,2054.36,6,30
1,79.9,1,665
0,4817.66,15,1
1,293.74,1,387
3,1210.19,3,67
2,2615.6,6,201
3,335.52,1,106
1,390.05,1,410
2,1569.73,9,17
3,1091.7,4,217
1,379.2,1,616
2,1193.54,10,59
1,847.76,3,380
1,339.34,1,396
3,1062.96,4,1
0,2414.2,9,16
3,1185.01,3,238
1,157.8,1,687
3,567.05,2,94
0,4993.27,15,10
2,2190.14,2,89
1,1192.2,1,404
2,1004.38,5,30
0,3416.33,9,11
2,2150.04,5,2
3,169.48000000000002,1,42
3,633.83,3,3
2,1515.0,4,246
3,683.17,1,176
3,991.13,3,91
2,1897.9,9,109
1,2037.02,4,434
2,3002.53,6,28
1,745.5,3,437
2,2594.04,7,51
1,979.8000000000001,3,435
2,1235.6200000000001,4,183
2,2048.07,5,42
2,2904.27,7,48
3,775.46,4,21
0,4717.99,9,74
2,1744.64,5,80
1,632.14,2,372
1,434.23,3,325
3,1247.49,3,29
3,333.70000000000005,2,183
3,280.55,2,234
1,366.41999999999996,1,660
3,1693.45,2,219
3,1474.06,3,110
3,772.66,5,277
1,1032.95,3,317
2,1904.05,3,6
2,2879.7000000000003,5,1
1,350.99,1,380
1,363.40000000000003,2,492
1,601.03,1,432
2,2473.9900000000002,5,259
3,120.0,1,141
1,824.28,3,470
3,1163.45,2,50
2,2618.23,8,7
1,322.93,1,422
2,1517.3600000000001,6,154
2,1373.35,4,108
1,40.56,1,427
3,1516.24,3,162
1,354.85,1,470
1,295.73,1,438
1,492.65000000000003,1,331
3,219.13,2,225
3,920.81,4,73
3,559.97,4,50
1,256.6,1,685
2,1189.3799999999999,6,395
2,2102.68,7,98
1,205.83,1,409
1,191.86,2,520
3,134.04,1,196
1,245.15,1,407
1,628.4399999999999,4,462
3,1299.65,3,30
0,3284.42,8,20
3,176.63,3,7
3,426.6,1,212
2,911.26,6,8
0,4516.56,8,10
0,3267.9300000000003,9,2
1,375.34,1,406
2,2352.91,4,39
1,456.40000000000003,2,420
2,1305.33,4,17
3,43.2,1,18
2,1992.18,4,116
1,742.9000000000001,3,430
1,277.94,2,406
2,1725.01,3,222
2,1858.96,3,70
2,3151.4,6,50
0,5071.03,10,88
0,3780.81,11,7
1,492.1,1,432
3,516.45,2,242
0,3090.29,11,46
3,229.8,2,106
0,3197.82,8,44
1,1370.34,5,421
3,508.58000000000004,1,64
1,158.02,1,459
1,494.85,1,423
2,1346.75,5,206
2,2218.06,7,10
1,474.1,4,428
3,605.0600000000001,2,114
1,701.61,2,409
1,245.48000000000002,1,569
3,940.98,3,241
2,1894.93,6,162
1,200.63,1,623
3,462.65999999999997,2,123
2,1943.51,5,22
3,415.2,1,67
0,4318.48,12,16
3,468.26,2,15
2,1614.91,4,16
3,928.1,3,160
3,620.27,2,242
3,134.7,1,218
2,918.44,6,20
1,1088.91,4,420
3,108.97999999999999,1,38
2,2315.75,5,120
1,82.6,1,736
3,409.57,1,259
3,133.5,1,9
3,972.03,3,273
3,51.0,1,164
3,1078.96,4,156
3,376.5,3,214
3,163.62,2,5
1,1014.45,3,365
3,701.23,2,79
3,225.77,1,42
1,400.06,2,388
3,912.18,3,18
2,2128.23,4,31
1,214.70999999999998,1,578
3,161.2,1,21
1,227.47000000000003,2,401
0,3717.35,8,108
1,634.68,2,394
1,136.0,1,524
1,155.0,1,319
1,469.13,2,641
1,1175.78,6,450
1,100.5,1,294
1,860.08,2,442
1,76.55,1,357
1,108.0,1,540
3,1132.99,3,184
1,215.46,1,682
3,617.05,2,190
1,131.25,1,621
2,1268.91,4,43
3,631.34,2,51
3,1246.8,2,25
3,1247.69,3,37
1,58.5,1,500
3,202.11,3,8
1,142.4,1,296
2,1770.56,3,32
2,1898.01,5,64
1,135.6,1,576
1,266.4,1,431
3,67.95,1,217
1,93.8,1,564
2,2121.93,7,64
1,707.79,2,400
2,2113.16,8,393
2,1732.47,3,148
1,285.6,1,651
2,1880.51,6,129
0,2899.11,13,33
1,195.0,1,386
3,156.75,1,118
2,2142.73,5,106
0,4109.77,11,10
0,3756.09,9,70
0,2650.14,11,91
1,1063.0,1,310
3,1426.19,3,42
1,427.57,3,361
2,2399.33,8,91
3,490.22,2,21
1,604.2,1,387
2,1937.25,3,3
2,1260.91,7,10
2,1639.17,4,98
2,2469.37,6,56
3,916.6099999999999,3,217
3,322.08,1,17
1,661.39,3,434
2,1263.52,4,49
2,1244.83,5,6
1,516.28,1,403
1,1220.9,3,511
2,2614.2,4,302
2,2255.51,6,9
1,289.6,1,465
2,1372.8,6,21
1,90.42,1,501
3,271.70000000000005,2,98
1,958.84,5,365
1,131.9,1,305
0,4611.6900000000005,11,0
2,2386.47,5,53
1,132.04,1,455
1,221.65,1,455
2,1236.51,5,0
2,1711.73,6,18
3,375.35,2,8
2,2482.8,8,18
2,1128.44,7,180
0,3308.77,12,59
3,665.59,4,10
3,119.93,1,189
1,977.3,5,375
1,628.21,4,431
0,3059.44,9,4
1,113.64,1,310
1,228.62,1,380
2,1093.5,9,109
0,2265.01,12,65
3,786.5699999999999,4,97
1,111.0,2,567
0,3946.03,11,246
0,4646.9,13,28
0,2220.9900000000002,12,17
1,204.24,1,733
2,2112.21,4,415
3,712.04,3,11
1,400.95,2,590
2,2228.22,9,103
3,234.34000000000003,2,73
3,1278.08,2,45
3,1151.15,4,71
3,215.7,1,256
2,1969.6,7,19
1,1276.66,4,381
2,1299.11,4,253
2,1299.52,4,10
2,2311.4900000000002,5,164
0,4357.91,12,17
3,257.1,2,281
3,1070.98,4,49
3,165.75,1,38
1,175.5,2,511
2,1453.61,7,26
3,1064.28,1,67
2,1574.93,4,206
1,1273.47,2,405
3,468.13,2,174
2,1921.91,7,429
0,5130.15,10,6
3,401.46,3,25
3,174.8,3,50
2,2668.23,7,311
1,697.0600000000001,2,308
0,3911.27,10,42
2,2138.9700000000003,7,25
3,356.85,3,87
3,251.21,2,183
0,2467.63,11,19
0,3543.26,6,2
3,673.26,4,46
0,3290.67,7,16
0,3284.43,11,23
3,874.94,5,21
1,110.95,1,533
1,1007.28,3,375
2,1314.81,5,10
2,1223.47,7,187
2,788.01,6,100
0,4598.9800000000005,9,60
0,3749.2599999999998,12,17
1,163.92,1,515
3,330.45,2,32
3,174.37,1,63
1,206.09,2,683
3,270.6,2,1
1,199.45000000000002,1,490
2,1758.6200000000001,8,23
3,241.09,1,107
0,2933.71,13,31
1,262.4,1,388
3,364.21999999999997,1,36
3,620.04,3,59
1,376.34,1,479
0,3859.1800000000003,11,235
0,3466.37,11,24
3,171.8,1,259
3,641.4,2,57
2,1370.8400000000001,5,64
3,537.48,2,15
0,3795.34,11,9
0,2499.68,14,58
3,103.25,1,185
2,2982.43,3,23
1,349.25,1,673
0,5197.9,11,4
0,4007.54,8,3
0,2627.49,9,150
1,916.5500000000001,4,310
2,1353.31,4,10
2,880.04,7,17
3,511.28000000000003,3,151
2,1841.54,9,18
2,2381.04,4,9
2,2315.63,6,56
1,835.34,3,595
3,788.38,1,84
1,655.5,3,653
1,75.6,1,389
3,1080.76,3,75
1,664.32,2,509
1,2605.62,2,434
2,3709.2200000000003,5,95
2,4092.0,4,110
3,1530.3600000000001,2,56
1,919.7,1,434
3,598.98,4,0
3,512.4,3,280
1,161.65,1,424
0,2621.42,13,179
1,143.70000000000002,1,732
1,460.71,1,487
1,70.80000000000001,1,371
2,1374.25,7,12
3,168.63,1,2
1,105.56,1,431
1,14.850000000000001,1,517
3,433.8,2,16
3,114.11,1,40
2,1781.03,8,5
2,1747.91,8,168
2,1143.27,5,49
3,237.36,1,276
2,1601.14,9,18
1,135.39,1,577
1,79.5,1,371
2,1447.14,4,14
3,570.46,3,34
0,3704.5099999999998,12,21
3,634.83,2,6
2,2164.45,8,19
1,229.47,1,626
2,2201.54,6,10
3,384.04,2,43
1,474.54,2,389
1,865.1700000000001,2,305
3,213.96,1,10
1,205.35999999999999,1,655
3,660.0,1,274
1,136.35999999999999,1,632
1,936.31,4,373
0,3342.94,10,3
2,1486.2,10,71
1,24.35,2,395
1,604.3299999999999,2,443
1,877.7,1,414
1,76.32000000000001,1,679
1,295.13,1,385
1,951.76,5,393
3,527.78,5,242
1,190.47000000000003,2,402
2,1342.32,7,8
3,1291.24,2,245
3,412.78000000000003,2,205
0,3000.57,9,0
3,320.58000000000004,1,184
2,2054.9,10,31
2,814.07,6,56
0,4497.88,11,195
1,462.75,1,378
2,1998.0,5,90
3,959.01,2,3
1,338.65,1,483
2,2025.69,6,50
3,114.56,1,262
3,344.90000000000003,1,265
1,2124.46,4,437
1,215.22,1,453
3,609.85,2,35
1,106.67999999999999,1,676
3,443.6,1,50
0,4978.96,9,51
0,3667.06,10,23
3,110.46,1,21
3,96.12,1,58
2,1679.89,5,169
2,2247.72,7,67
3,876.89,3,156
3,519.97,2,200
0,4543.6,15,415
0,3775.31,9,4
1,62.5,1,588
2,2034.1200000000001,9,66
3,114.18,1,76
0,3426.28,11,0
1,246.86,1,737
0,3878.51,7,7
3,814.65,5,168
2,1460.8700000000001,6,17
3,247.15,2,4
0,2529.93,9,8
3,285.74,2,86
3,107.95,1,26
2,1416.33,7,28
1,490.6,2,429
3,637.89,2,19
2,2749.65,7,60
3,179.95,1,23
1,111.63,1,444
2,3243.93,7,241
3,602.0,3,279
1,1127.45,2,548
3,1113.14,4,234
0,3410.81,7,2
1,173.66,1,508
3,1066.9,2,15
1,184.91,1,592
1,403.39,1,578
1,1289.44,3,381
2,875.1500000000001,6,70
2,1514.81,6,187
1,146.56,1,587
2,1468.55,6,25
0,4619.79,8,575
1,885.83,5,413
3,1402.06,3,106
3,112.8,1,208
3,794.33,4,43
2,2114.33,5,30
0,1745.09,12,136
2,1165.36,7,264
1,244.31,1,616
1,1620.07,3,518
0,2767.9,8,3
3,188.60999999999999,2,217
2,1250.76,5,1
3,702.6,4,213
2,3116.26,5,31
0,4562.09,15,10
3,318.17,1,14
2,1781.23,9,19
3,179.0,1,198
1,390.69,1,618
1,139.2,2,435
2,2212.2799999999997,5,2
0,1922.59,13,13
0,2868.8,11,9
2,1328.0700000000002,4,28
3,906.24,4,23
2,1824.55,8,24
3,565.45,3,42
1,81.3,1,732
1,226.42,1,409
2,1602.13,5,1
3,663.81,3,5
1,115.77,1,378
3,513.37,3,146
0,2089.66,11,9
1,345.25,1,589
2,1309.36,4,24
1,124.75,1,654
3,465.22999999999996,3,273
1,190.58,1,412
1,907.38,3,373
2,2005.06,8,0
3,380.02,3,46
1,1056.42,4,425
1,401.08,2,484
2,3554.17,4,3
2,1821.9,9,42
0,4161.06,11,196
2,1897.59,7,11
1,579.85,1,434
1,50.48,1,592
0,3885.08,14,15
0,2571.81,12,112
1,593.5,4,405
3,328.2,1,248
0,3152.32,10,28
1,310.15,1,479
1,112.03,1,735
1,126.45,2,683
3,389.64,1,43
3,869.51,2,86
2,1550.48,6,44
2,2603.76,3,14
3,420.5,1,74
2,2864.97,7,144
2,1625.97,3,4
1,89.2,1,296
3,447.92,3,58
3,417.57,2,263
3,278.3,1,46
3,254.11,3,28
1,382.81,1,473
3,192.60000000000002,2,16
0,3637.64,8,231
1,594.62,2,620
3,139.26,1,111
1,140.55,1,592
1,241.45,1,528
3,1418.46,3,57
0,3708.3,15,50
1,307.56,1,403
3,730.86,2,126
3,386.15,3,280
3,447.68,2,54
1,200.10000000000002,1,319
1,307.3,1,658
3,449.93,3,25
3,77.4,2,9
1,90.96,1,549
1,110.65,1,470
3,1156.32,3,6
3,197.64,1,28
0,2526.62,10,16
1,303.63,1,606
3,6.2,1,63
3,625.9,2,20
2,1953.9,10,2
3,131.45000000000002,1,165
1,300.31,1,506
2,724.31,8,52
3,338.15,2,50
3,193.14,1,60
3,845.55,3,161
3,353.27,1,8
2,1104.64,7,14
3,303.43,2,74
1,519.29,2,390
2,2741.17,8,39
1,686.76,2,620
0,2537.02,13,40
1,170.5,1,386
1,185.8,1,598
1,1090.87,4,369
1,159.21,1,580
3,778.5,2,36
3,271.85,1,196
0,3609.86,7,199
2,1170.41,6,73
3,470.16,4,63
2,1274.76,9,20
2,1286.45,7,366
1,157.70000000000002,1,484
3,321.43,3,179
0,4022.9100000000003,10,9
1,385.2,2,581
2,1692.84,7,28
3,196.28,1,52
1,1676.57,3,679
1,94.8,1,498
2,2206.16,7,17
1,297.0,2,528
3,102.44999999999999,3,9
0,3460.32,9,89
1,773.6700000000001,2,422
1,915.28,3,417
3,362.71,2,267
2,2824.69,4,43
1,211.79999999999998,1,436
1,150.0,1,599
1,437.4,1,426
3,1348.95,3,148
1,310.56,1,404
2,1794.01,7,311
3,829.4100000000001,3,22
2,1376.87,5,23
0,4322.86,11,77
3,1311.3799999999999,3,35
0,3651.851,7,59
1,180.75,1,505
2,1705.64,5,12
3,170.32,1,18
2,1380.73,10,51
3,841.1999999999999,2,25
3,266.76,1,28
3,129.72,4,6
0,2952.06,16,185
0,4184.01,12,2
2,2804.24,6,8
2,1838.95,6,261
2,1258.97,9,2
1,816.6,3,483
3,854.13,2,209
1,116.18,1,534
2,2862.4,3,107
1,256.7,2,520
1,437.0,2,417
1,185.06,1,684
3,706.19,3,76
3,255.4,1,19
0,3628.15,14,26
2,761.59,6,18
1,120.6,1,668
2,1598.12,3,131
3,364.8,1,252
3,1862.0,1,78
3,369.2,1,206
1,135.9,1,335
3,817.25,3,253
3,1106.73,4,147
1,202.35000000000002,1,690
2,1809.6100000000001,3,9
3,1492.81,3,84
2,2092.42,8,204
0,3140.54,8,7
0,3507.81,14,22
1,1384.88,1,394
1,13.919999999999998,1,521
0,2289.65,12,10
3,1035.6200000000001,3,25
2,2810.63,5,20
2,1640.64,4,1
2,1971.39,8,157
3,381.9,2,73
1,1404.68,3,436
3,434.35,4,2
2,1849.58,5,16
0,4073.13,8,35
0,1811.25,11,90
0,3042.95,8,70
1,1123.75,2,596
1,359.35,1,538
2,1607.17,3,212
3,1316.07,2,29
1,843.74,2,393
3,749.1,1,50
3,931.01,3,245
1,359.4,2,381
1,308.2,1,396
1,223.91000000000003,1,627
3,836.69,2,31
3,864.6800000000001,4,4
1,879.66,2,365
1,1770.0,4,443
2,3403.5,5,81
2,2849.83,2,296
2,1621.88,3,56
1,2322.43,2,561
1,531.49,2,417
1,182.1,1,578
1,746.56,4,401
1,107.62,1,662
1,179.4,1,413
3,100.9,1,13
2,1049.79,6,71
2,1101.97,6,22
1,515.0,4,468
3,371.2,1,18
3,311.69,1,78
3,1011.27,4,24
3,503.44,2,11
1,163.77,1,732
1,1325.0,1,420
3,333.29,2,252
2,957.9399999999999,6,146
3,695.42,4,63
3,221.27,2,7
3,366.91,4,270
0,3164.48,12,9
3,206.21,1,246
3,599.0,2,95
2,1115.8400000000001,6,14
2,1982.6100000000001,6,49
3,501.24,2,29
1,906.23,1,703
0,4919.35,12,67
3,1116.57,3,34
3,145.07,2,127
3,1314.45,3,106
3,114.39,1,36
3,472.39,2,56
2,774.86,6,56
1,31.929999999999996,1,725
0,3142.14,10,71
1,439.46,1,734
1,150.68,1,736
3,372.92,2,245
1,234.88,1,571
1,183.20000000000002,1,688
2,1271.41,6,18
3,296.75,2,197
1,566.9,2,375
2,1713.85,8,15
2,2066.6,7,211
1,342.4,1,661
1,305.42,2,611
1,314.67,1,429
1,210.5,1,441
1,36.13,1,563
1,956.68,5,381
3,233.23000000000002,2,38
1,442.28999999999996,2,480
3,776.5999999999999,4,45
3,770.73,4,169
1,129.48000000000002,1,592
3,490.52,1,47
1,228.85999999999999,2,393
0,4817.28,9,115
1,1060.7,6,472
3,1245.93,1,146
3,820.19,2,50
3,156.91,1,158
1,360.0,2,479
3,1261.78,3,11
3,308.94,1,35
1,416.6,2,395
3,860.62,3,53
2,1641.3,10,487
3,260.17,2,42
0,2354.52,13,500
3,630.3,5,172
3,125.58,1,33
3,607.46,3,38
3,266.0,1,266
1,203.42,1,378
0,2783.83,12,8
2,1186.09,5,11
0,4075.51,16,9
3,1005.14,2,32
2,1056.81,5,79
0,3195.6,10,30
2,1157.71,6,7
1,365.1,1,619
2,1979.91,8,71
0,3156.58,14,3
0,2583.37,10,4
3,252.73000000000002,1,89
3,465.55,3,71
1,402.51,2,375
2,1309.86,9,58
1,7.49,1,541
3,293.6,2,169
3,315.45,2,198
2,2858.7999999999997,6,30
3,735.66,2,151
3,343.62,1,269
3,482.75,4,64
3,121.17000000000002,1,273
0,4193.79,5,24
0,3935.16,9,22
1,215.78,1,318
3,697.79,3,4
3,302.1,2,11
1,560.07,3,474
1,133.45,1,519
2,3255.96,5,274
0,3410.03,16,24
3,301.84,4,7
2,2585.62,8,70
3,370.79999999999995,1,212
1,1154.41,4,409
2,3326.86,5,37
3,893.59,1,52
0,3877.88,5,77
3,1176.85,4,45
3,1109.53,1,178
1,843.25,3,372
2,1455.56,4,93
1,187.51999999999998,1,478
0,2788.02,8,9
3,1566.33,3,104
3,773.03,1,77
3,1447.74,3,172
1,2428.08,2,494
0,3767.35,11,212
1,546.25,2,427
0,1965.72,12,21
1,93.35000000000001,1,668
3,88.2,1,256
1,965.2,2,379
1,347.54,1,729
1,218.53,2,564
3,306.94,1,281
3,1160.07,2,20
2,2420.84,6,9
1,381.32,1,307
3,1046.6100000000001,3,67
3,776.46,3,214
1,83.0,2,462
0,3141.64,10,103
3,219.39000000000001,1,42
3,908.35,3,3
3,410.48,1,83
2,2894.7,7,333
2,1477.94,6,8
1,554.67,2,530
3,703.36,2,30
3,1027.44,2,196
0,3094.91,9,17
2,1422.52,5,17
2,940.35,9,310
3,1159.25,3,141
3,983.1,3,245
2,1505.8500000000001,6,23
2,2730.87,5,28
1,209.4,1,610
2,3608.94,3,9
0,3400.12,12,29
3,531.85,2,17
2,1352.75,4,17
2,2485.9700000000003,8,14
3,244.8,1,133
3,266.4,1,245
3,358.82,1,133
3,457.72,2,49
0,4497.47,11,113
0,4656.17,5,6
3,450.82,4,22
1,449.49,2,536
3,711.5,2,65
2,1783.68,5,59
3,330.11,1,169
1,80.28,1,394
2,977.9300000000001,5,17
2,1806.9,5,127
2,1596.29,10,14
3,305.68,2,238
2,1286.7,4,2
1,823.4,2,520
1,502.52,1,393
3,178.96,2,239
0,3243.69,8,51
2,1388.47,7,457
2,2619.92,6,45
3,563.63,2,225
3,1194.73,4,3
3,1327.16,2,164
3,623.5,1,239
3,301.29,1,10
2,1524.6100000000001,4,133
1,2085.61,2,422
3,329.25,1,30
3,1388.41,3,74
1,383.96999999999997,1,382
3,961.49,3,0
2,2654.11,5,3
3,606.02,2,44
1,589.27,4,356
1,119.92,1,387
1,312.9,1,730
3,304.47,2,17
2,2068.92,9,68
1,975.5,1,372
1,167.16,1,467
2,1659.67,5,320
3,106.56,1,25
1,569.22,2,381
1,81.15,1,406
1,1289.5,1,330
2,1624.05,5,8
2,1494.6,7,380
1,481.46,2,322
3,224.14,1,71
1,988.04,1,667
1,948.93,1,425
3,40.5,1,259
1,904.4300000000001,3,366
2,1200.2,5,65
0,2998.952,11,153
1,639.93,3,547
3,689.95,4,28
3,310.62,1,69
2,1403.2,5,13
0,4762.18,15,1
1,310.43,1,724
1,834.4399999999999,1,433
1,588.05,3,462
2,1981.39,5,119
3,499.32,1,60
2,3861.0,1,2
1,316.25,2,432
2,1877.51,6,10
3,571.35,5,91
0,3122.4,10,58
1,549.05,1,494
2,1842.95,7,86
0,4400.18,15,25
1,316.58,1,356
3,653.24,2,84
3,420.29999999999995,4,9
1,683.9200000000001,3,415
2,970.52,6,0
1,178.98000000000002,1,729
3,1176.19,3,224
3,1277.48,2,59
3,208.28,2,240
1,328.35,2,318
2,1661.44,8,1
2,2422.43,7,46
3,486.09,2,87
1,426.24,1,562
3,685.45,2,175
2,1778.96,6,51
2,2465.4500000000003,4,365
0,3550.91,11,318
2,1417.95,5,225
1,871.36,5,357
3,409.40000000000003,1,233
1,154.41,1,310
0,2488.4900000000002,9,36
1,160.5,1,585
3,429.6,2,238
1,250.26,1,620
3,612.06,2,112
1,59.400000000000006,1,400
3,197.0,1,276
0,2937.81,16,217
1,321.05,1,298
2,1412.32,4,1
3,1071.99,3,28
3,780.59,2,9
0,4459.98,12,44
0,3050.16,11,66
1,302.04,1,421
3,927.2800000000001,2,73
3,912.08,3,64
0,4610.84,8,133
3,780.4,3,237
3,976.06,3,121
1,1893.93,3,410
1,60.0,1,640
2,2103.41,5,35
2,2055.09,8,15
3,1088.35,3,126
0,3729.42,9,66
3,170.4,2,148
3,685.9,2,282
3,623.16,2,168
1,1182.3799999999999,4,512
2,1508.0,4,134
1,418.82,3,323
3,156.51,1,106
3,848.4,2,63
2,3345.64,4,150
1,852.21,5,337
2,1717.36,5,21
1,961.9000000000001,3,478
3,1225.3600000000001,3,23
2,2085.48,6,56
1,228.96,1,599
3,716.57,2,3
3,615.14,1,37
3,649.53,4,65
3,476.34,2,46
1,496.15999999999997,4,561
2,1580.54,5,354
3,406.21999999999997,3,171
1,348.59,1,569
1,148.33,3,389
1,24.75,1,499
1,94.92,1,407
3,240.55,1,49
3,856.03,5,21
0,3874.28,10,42
2,1593.09,5,28
3,180.94,1,200
1,247.5,1,665
1,233.35,1,410
1,217.23999999999998,1,653
3,641.94,3,9
3,496.44,1,63
1,308.0,1,729
3,1224.18,3,289
2,919.5500000000001,9,60
1,93.6,1,554
0,3484.73,9,63
3,205.3,1,95
3,310.47,1,273
1,797.96,4,610
1,1634.64,1,478
0,2930.19,12,74
3,52.0,1,109
3,820.4499999999999,3,198
3,570.5,2,63
1,165.0,1,326
1,129.75,1,676
3,312.62,1,3
1,204.5,1,283
3,267.13,1,43
3,1390.86,2,85
1,434.6,3,562
1,140.22000000000003,1,700
2,1602.01,8,103
2,1700.52,5,333
3,208.75,1,52
1,107.24,1,407
0,2984.33,11,38
3,714.96,2,31
1,767.91,3,499
3,1028.56,1,207
3,348.72,3,156
3,173.97,1,53
1,240.5,1,401
1,373.02,1,410
1,283.43,1,676
2,1827.84,7,65
1,105.5,1,561
2,2402.7200000000003,2,80
3,406.09,1,129
3,364.5,1,86
3,563.94,3,0
3,393.54,1,45
1,596.12,3,332
1,1363.6,4,365
3,158.04,1,71
3,473.81,2,157
1,663.25,2,372
0,3738.29,10,11
1,114.95,1,548
2,3175.95,7,254
3,277.05,2,28
0,3464.95,13,30
1,181.35,8,662
3,427.93,1,39
1,689.07,4,361
1,613.08,2,448
1,1004.11,2,372
3,913.19,2,95
0,4557.13,13,25
2,2389.08,7,74
0,5081.33,11,56
3,722.74,2,20
0,3739.01,8,40
1,59.400000000000006,1,661
3,307.32,2,128
1,60.959999999999994,1,689
3,1233.3600000000001,3,39
1,1211.75,4,382
1,246.5,2,462
0,4877.84,8,168
0,3479.0600000000004,11,8
2,1890.5700000000002,5,213
2,2027.79,4,169
3,942.08,3,39
3,394.14,1,185
1,468.65,1,491
3,140.54,1,269
2,2733.8,5,171
1,1216.66,2,395
1,289.87,1,583
2,2911.62,7,4
3,891.34,5,15
1,107.45,1,325
3,796.38,2,112
1,94.0,1,289
3,1345.53,2,15
3,815.77,3,0
2,1302.3,8,91
1,216.95000000000002,2,451
2,1830.12,6,148
1,170.88,2,491
1,257.06,1,375
3,659.84,2,188
3,975.87,4,30
3,1056.44,4,33
3,267.18,1,263
1,131.25,1,720
0,4685.72,10,83
2,1358.88,4,25
3,190.53,1,170
3,774.9000000000001,3,9
1,572.8100000000001,1,312
0,4572.82,7,64
3,508.8,1,84
1,452.32,2,424
3,135.86,1,24
1,743.0,6,433
0,3805.34,10,58
2,1619.97,7,322
3,266.89,3,37
3,597.78,3,253
1,1944.57,4,399
0,2615.39,9,18
3,1483.14,3,32
3,762.75,4,14
3,397.35,2,26
1,954.75,2,467
1,153.24,1,502
3,320.76,2,22
3,533.3,2,213
0,2567.06,11,7
3,149.29,1,21
3,1122.53,3,11
3,393.45,2,261
3,156.57999999999998,1,130
1,1269.05,4,404
3,383.68,3,54
1,1254.21,3,395
3,594.0,1,248
0,5175.93,14,1
3,1418.26,2,8
3,284.5,2,263
1,403.95,3,376
1,492.88,5,330
1,788.81,2,312
3,974.52,3,25
3,429.84,1,29
1,233.21,2,433
2,1799.1100000000001,6,29
2,1388.37,7,1
1,305.59000000000003,2,361
1,38.25,1,597
2,2119.27,10,282
3,237.07,1,261
3,370.43999999999994,2,24
1,202.82999999999998,2,416
1,216.76,1,353
1,429.7,2,460
3,737.05,4,93
3,126.14,1,28
1,1048.85,1,337
2,1571.01,4,84
3,524.88,3,8
3,1430.48,3,50
3,874.25,3,49
1,63.419999999999995,1,575
3,1316.56,3,1
3,371.56,1,112
2,2046.0,8,13
1,163.1,1,595
3,454.10999999999996,1,76
2,2209.98,4,379
1,368.4,1,649
2,1982.48,3,39
1,147.4,1,732
2,3592.25,3,115
1,1993.34,1,400
2,855.06,10,160
0,4656.0,6,0
1,102.0,1,526
1,231.32,1,679
3,431.92,5,92
2,2419.61,8,22
1,217.6,1,429
2,3100.09,6,94
3,659.4599999999999,2,27
0,4306.49,9,32
2,3780.05,5,20
1,246.5,1,378
1,146.14000000000001,1,630
1,161.6,1,723
3,1131.56,4,7
1,402.5,2,404
1,267.15,2,362
3,412.6,4,80
2,3610.96,5,52
2,2040.03,6,22
3,492.36,1,171
2,1000.27,6,188
1,166.51,1,379
1,250.0,1,330
2,909.23,5,11
3,331.58,4,155
1,171.81,1,386
3,62.43,3,44
3,267.03,1,232
0,4218.94,15,63
1,344.61,2,382
3,343.5,1,1
3,398.84,2,32
3,591.4,2,24
2,1293.2,4,1
3,148.44,2,32
3,229.33,1,253
0,5109.4,12,22
2,1813.72,5,21
2,2007.44,2,7
0,3750.25,10,24
3,807.57,3,18
1,162.25,1,725
2,1087.82,6,172
1,259.09,1,408
3,110.92,1,162
2,3358.3999999999996,6,537
3,538.46,1,6
3,460.68,2,10
3,85.13000000000001,1,113
1,918.45,3,511
3,242.84,2,287
3,428.05,2,53
1,1079.1000000000001,2,606
1,158.09,1,595
2,2342.21,8,76
0,2218.8,12,3
2,1710.08,7,36
3,252.52,2,216
3,437.23,1,59
3,217.2,1,277
3,279.77,1,23
3,473.65000000000003,1,28
1,214.13,1,638
1,1109.4,1,567
1,153.52,2,397
2,1934.3899999999999,8,11
1,673.3800000000001,3,351
2,2828.0,6,21
1,70.74000000000001,2,462
3,173.16,2,49
1,227.87,2,392
3,186.01,1,18
3,758.29,3,2
0,3586.35,10,103
0,4051.63,14,11
0,4068.67,10,4
2,1199.23,5,31
2,1518.7,6,177
1,30.1,1,619
3,940.6700000000001,1,37
3,397.98,5,150
3,127.1,1,161
2,1302.5,5,68
2,1381.19,8,376
3,682.9100000000001,3,24
1,107.86,1,375
2,1277.5,6,23
3,455.3,1,176
1,1139.1,3,592
2,1522.0800000000002,7,49
1,579.6,1,677
3,478.53000000000003,3,255
2,1496.6,5,381
1,217.9,3,582
3,388.58,1,46
3,199.8,1,70
2,1771.78,5,15
1,357.6,1,487
0,3130.04,9,100
3,563.37,2,34
3,548.02,2,52
3,1250.06,3,26
1,1199.31,4,427
0,3230.51,16,7
3,88.48,2,78
3,216.39,1,51
2,1936.8,9,35
2,1708.97,9,336
2,1785.98,5,27
3,298.48,1,183
3,112.46000000000001,1,51
3,195.15,2,35
1,433.71999999999997,1,609
2,3147.36,4,437
1,317.11,1,437
1,828.5500000000001,3,395
3,776.851,4,32
3,336.40000000000003,1,10
2,1942.36,4,56
2,1293.03,4,3
2,2437.05,8,140
3,588.13,4,116
0,3236.4,9,103
3,1067.52,3,74
1,566.9,2,456
1,2240.9,4,449
3,1481.4,3,44
1,596.67,1,641
0,3285.31,8,15
0,4352.46,13,508
3,554.65,2,16
1,100.35,1,395
2,1444.58,4,89
3,797.59,5,52
2,2265.2,6,378
3,1065.08,3,133
1,105.78000000000002,1,729
3,664.0,3,191
3,813.0,4,165
3,1054.75,3,18
2,974.61,5,157
1,169.0,1,414
3,657.35,2,203
2,2170.35,4,335
1,553.88,2,521
2,1259.06,5,36
2,1420.34,5,90
3,877.4399999999999,2,92
3,922.53,2,8
3,560.67,1,242
3,748.5,4,44
3,30.0,1,22
2,2423.4700000000003,8,189
3,532.49,3,43
0,2812.99,15,24
2,1215.95,8,316
1,283.73,2,660
3,138.14,1,105
3,1231.53,4,50
0,4015.12,5,167
1,632.9399999999999,2,471
3,301.32,1,39
3,76.32000000000001,1,217
3,684.34,4,39
1,325.2,2,296
2,2657.13,7,18
1,45.300000000000004,1,724
3,542.04,4,80
2,3435.76,3,18
3,1305.63,3,48
2,1893.89,3,52
3,781.28,4,23
0,4507.58,10,8
0,2989.7,14,24
1,318.24,2,598
3,524.54,2,116
1,173.95,3,546
1,55.980000000000004,1,449
1,90.0,1,419
0,2993.1,9,8
1,190.57,1,418
3,521.03,3,119
3,239.76,2,3
3,571.3,4,251
3,191.04,1,27
1,37.5,1,658
3,1131.04,4,266
0,3906.57,13,32
1,246.75,1,689
1,46.2,1,623
3,309.65,1,17
3,696.68,2,171
2,1542.14,4,1
1,112.57000000000001,1,475
3,211.5,1,264
0,3817.96,6,139
3,143.1,1,200
3,1060.56,4,63
3,945.58,4,34
0,4378.72,9,40
3,327.85,2,283
1,898.87,1,416
1,420.25,2,556
0,3472.4100000000003,12,8
3,1010.79,4,142
3,784.8100000000001,5,11
1,658.02,5,555
0,3054.29,11,145
3,607.0,5,233
1,293.79,1,539
3,741.92,2,23
3,507.08,1,11
1,947.65,4,364
3,310.85,3,200
3,415.25,1,14
1,321.91,1,389
1,544.6,2,379
3,192.55,3,212
2,1726.58,5,65
1,125.3,1,553
2,1682.07,10,211
1,162.3,1,282
2,2263.3,4,114
1,327.68,1,420
1,1815.72,2,434
2,1205.1200000000001,8,14
3,449.12,1,65
3,154.88,1,48
1,208.62,2,457
1,156.87,1,618
3,784.46,4,15
3,34.8,1,77
3,1094.59,4,18
3,196.88,1,133
0,2562.61,9,12
3,614.7600000000001,3,39
2,1380.44,11,460
0,4207.54,9,39
1,79.2,1,304
0,3037.61,9,50
3,532.96,4,60
2,2940.36,6,65
3,205.25,1,24
2,830.9300000000001,7,217
1,143.05,1,442
3,583.75,2,64
3,1086.92,2,31
0,4503.08,8,87
1,370.63,1,666
3,831.06,3,63
1,321.45,1,612
1,1006.54,3,603
1,280.88,1,417
3,774.52,2,5
2,1328.69,6,68
3,150.5,2,244
3,241.62,1,132
2,1762.61,7,240
1,307.95,1,430
1,124.08000000000001,2,462
3,475.28000000000003,3,183
3,345.46,3,24
2,4014.1,4,9
3,246.3,1,10
1,848.3299999999999,2,467
3,948.05,3,25
1,221.82999999999998,1,508
2,1962.01,6,357
3,220.85,1,9
2,3608.34,5,43
1,933.84,2,399
2,2399.57,8,14
1,777.0,2,735
2,1979.8700000000001,8,149
2,2806.08,5,112
1,1535.37,3,492
2,1424.29,4,75
2,1242.58,7,106
3,1063.95,3,45
2,1929.66,4,50
0,4206.39,13,0
3,784.58,3,45
2,1817.52,5,49
2,1274.44,7,35
0,2999.04,8,78
0,3796.92,7,21
0,5201.47,12,106
3,1303.9099999999999,2,207
2,2634.44,6,16
2,2100.6,5,63
1,144.14999999999998,2,541
2,2766.4,3,420
1,340.5,1,587
0,3934.79,10,48
1,206.98,1,319
3,570.96,2,43
2,1840.06,6,2
1,3867.17,2,728
1,890.94,2,452
3,532.94,1,171
2,2598.28,4,55
1,1108.82,1,374
3,636.14,2,98
3,576.0,1,37
3,801.76,3,57
3,836.79,1,253
1,80.4,1,737
0,3770.4900000000002,7,69
3,954.09,4,43
3,137.37,1,49
3,777.01,2,64
3,1048.49,3,32
3,355.56,2,58
0,2742.41,9,72
1,548.8,2,392
1,118.95000000000002,1,303
3,130.73999999999998,1,45
0,4426.28,11,17
1,107.01,1,384
3,822.57,5,37
1,139.94,1,621
2,1058.72,6,18
1,109.73,1,526
3,257.26,3,186
3,110.8,1,51
2,1052.72,6,136
3,570.48,2,18
0,3960.37,13,15
1,438.46,1,431
0,4393.49,12,11
0,2923.14,13,7
3,358.7,5,25
2,2180.76,7,21
2,2248.92,5,40
3,230.53,1,100
1,94.53,1,582
3,323.65999999999997,3,276
3,862.61,4,32
1,33.099999999999994,1,436
3,795.68,4,14
1,313.91999999999996,4,499
1,111.72,1,645
1,1449.1399999999999,2,408
3,493.28,2,1
1,330.77,2,561
1,1157.3,4,403
1,686.5600000000001,1,368
1,501.39000000000004,5,311
2,1491.42,8,198
3,396.48,2,1
1,249.70000000000002,2,431
0,1921.82,13,92
3,1052.8700000000001,4,59
1,1027.15,3,406
3,423.49,3,80
2,1782.33,8,156
1,535.65,5,394
3,521.97,1,226
1,128.2,1,668
1,305.28000000000003,1,481
3,418.99,2,252
3,179.17,1,149
3,222.05,2,193
1,112.5,1,368
3,900.4,4,23
2,683.39,6,16
1,145.01,1,379
3,164.68,1,7
1,114.69,1,542
0,2555.64,10,19
3,966.6,3,3
1,764.57,2,490
3,191.94,1,173
0,2681.8,15,0
1,1685.89,8,623
2,1074.7,9,177
1,6.300000000000001,1,533
1,205.99,2,377
1,429.0,1,401
0,3427.17,13,15
3,560.63,5,247
3,582.88,3,190
3,910.61,2,19
2,567.69,8,153
3,792.46,4,172
1,739.0,1,372
1,254.16,1,372
1,102.82,1,730
3,207.15,1,193
1,134.44,1,541
1,123.39,1,646
1,293.53,1,655
1,594.0,1,643
3,426.63,1,66
1,239.9,1,427
2,2495.87,8,3
3,1107.46,3,20
1,2190.66,2,417
3,108.03999999999999,1,238
1,282.79,2,378
3,145.35,1,63
2,734.81,9,111
1,35.8,1,310
1,405.0,1,636
3,337.44,1,133
1,271.28999999999996,2,649
2,2164.24,4,276
1,827.27,4,364
1,2304.18,3,502
3,1708.24,1,82
3,1509.0900000000001,3,7
3,364.72,2,16
3,1013.17,3,8
3,806.57,4,33
1,187.8,1,588
1,617.6,2,550
3,930.1,3,31
3,492.99,4,73
1,579.49,3,681
1,410.95,4,373
1,451.28999999999996,1,378
1,295.83,1,448
3,470.76,2,19
1,272.96000000000004,1,662
0,3013.09,13,16
1,426.53000000000003,1,450
0,3041.6,12,22
1,415.3,1,387
2,1127.05,5,2
1,1017.32,2,303
1,1810.27,5,455
1,973.44,2,366
0,3442.15,7,38
3,371.01,1,83
2,1732.54,6,164
3,1054.73,2,16
2,3279.42,3,76
1,329.22,1,602
1,324.51,1,604
0,3958.8199999999997,8,21
2,2715.28,7,122
3,354.42,2,29
2,1682.13,8,11
3,767.59,3,18
1,372.51,2,375
2,2010.05,7,43
1,150.55,1,533
3,896.6,3,3
2,2788.87,7,8
3,1202.18,3,54
1,696.19,1,413
2,1686.9,7,87
1,20.4,1,735
1,583.39,1,380
1,169.21,1,624
1,2146.39,5,474
0,2435.8,10,11
3,347.17,2,210
2,3075.14,7,47
3,992.71,4,21
2,1724.06,11,245
2,2989.79,5,34
2,1130.27,5,37
3,705.1,3,3
0,2533.94,11,2
2,1553.83,5,46
3,698.13,4,38
3,851.01,3,16
1,532.25,2,394
3,628.28,1,259
3,719.81,3,45
3,478.92,3,11
3,439.65999999999997,1,29
3,236.09,1,42
0,2048.36,15,91
1,82.2,1,595
1,331.24,1,309
3,548.94,2,91
2,1970.45,6,455
2,928.72,6,195
1,217.73,1,559
2,2556.84,4,86
2,1509.34,5,269
3,471.78000000000003,3,7
1,456.4,2,423
2,2416.9,7,64
2,3166.4,3,30
2,2265.12,8,21
2,1856.5900000000001,8,37
1,340.84000000000003,1,434
0,3434.9300000000003,8,119
1,235.78,1,561
1,1075.23,4,372
2,1899.68,6,39
3,300.7,3,173
1,188.44,1,681
3,362.06,1,53
0,3634.84,6,32
2,2111.88,4,144
3,134.8,1,220
3,664.85,1,44
0,3854.85,10,15
1,62.7,1,405
0,3217.77,12,65
1,541.95,3,400
1,89.65,1,430
0,2863.45,8,9
3,335.32,1,259
1,111.0,1,724
2,2382.62,8,364
2,1521.87,5,16
1,3395.29,3,562
1,122.93,1,593
1,457.7,1,417
3,852.15,2,21
3,1076.8,4,44
0,4328.89,4,287
1,122.39999999999999,1,296
1,265.25,1,389
1,736.9300000000001,2,502
0,2234.73,10,2
1,2300.4,1,625
3,362.99,2,283
3,1352.0,3,16
3,602.5600000000001,4,81
0,4460.18,8,55
1,106.75,1,669
2,2351.42,4,100
1,436.18,1,298
0,2327.21,12,22
0,2864.9900000000002,10,58
2,1739.92,5,388
1,1437.43,2,575
1,271.44,2,385
1,205.91,1,623
3,315.06,2,154
2,1587.94,6,114
3,17.0,1,106
0,3695.56,11,11
1,447.05,1,455
2,1584.97,4,263
3,185.04999999999998,1,239
0,4448.1,14,87
2,1573.2,7,49
1,582.64,1,462
2,3229.16,4,70
2,1842.14,3,41
0,2778.61,9,61
2,2386.19,5,248
3,108.38,1,65
0,3204.1600000000003,7,17
2,2235.92,4,84
3,939.48,3,218
2,1819.27,4,44
1,562.48,1,427
3,195.73999999999998,4,142
3,161.38,1,182
3,135.75000000000003,1,170
0,2575.14,12,9
3,612.78,1,211
3,654.4,3,189
1,4376.25,1,652
2,1720.81,8,7
2,3056.91,6,58
2,1477.09,5,56
2,1001.34,6,72
3,307.78,1,51
2,1772.49,4,316
0,4587.65,14,366
3,801.31,2,38
0,3801.05,11,17
1,1396.05,3,406
1,987.48,4,421
1,664.1999999999999,2,543
2,2145.34,5,21
3,819.45,2,262
3,946.8,4,59
1,422.7,1,679
1,910.35,3,378
2,1111.15,5,18
3,1557.6000000000001,3,65
3,955.94,2,87
3,535.34,1,249
0,4910.83,12,2
3,175.2,1,246
3,946.38,4,156
2,2398.91,5,133
1,386.62,2,295
3,422.22,3,4
0,4395.59,10,42
3,1829.04,1,268
0,5133.49,11,49
1,796.9,5,381
3,656.69,3,15
1,628.32,9,521
2,1232.79,4,281
3,1025.44,2,64
3,37.4,1,251
2,2849.58,6,231
3,822.48,3,16
1,79.9,1,504
1,435.83,2,427
1,1386.1200000000001,5,413
2,1822.97,4,7
3,73.2,1,58
2,1884.55,8,94
2,1418.32,6,15
2,2246.75,7,125
2,1836.44,7,93
1,2052.69,4,420
2,2247.31,8,49
3,612.6,2,137
3,215.83,1,60
3,305.54,1,72
3,1077.81,4,66
2,1158.79,6,63
3,644.72,3,16
2,1087.66,5,44
3,215.48,2,15
2,2723.55,8,39
1,351.3,1,735
3,630.43,2,236
1,308.59999999999997,1,374
1,323.25,1,722
1,93.3,1,488
2,2016.71,9,468
3,1030.0410000000002,2,74
2,942.75,7,391
2,2112.12,5,2
2,2501.9900000000002,9,360
2,1114.54,6,58
3,944.24,3,22
2,1824.01,7,30
0,2589.57,13,54
3,394.38,1,24
0,3440.45,10,44
0,4146.78,9,88
3,1090.59,3,88
2,1293.71,4,18
3,159.0,1,78
2,2038.25,4,170
3,242.35,1,80
3,914.9300000000001,1,266
3,304.25,2,234
0,4439.97,13,29
1,40.8,1,500
2,2234.06,9,36
1,1345.22,2,317
1,1102.3500000000001,2,374
2,1616.54,5,56
0,2867.4100000000003,15,44
3,672.1700000000001,5,202
3,1027.22,3,224
1,890.8100000000001,3,384
2,2867.86,6,86
3,542.03,2,189
1,1078.22,4,378
2,2712.97,7,43
2,1965.71,9,70
1,333.18,3,475
2,2043.71,8,40
3,432.2,1,77
1,136.65,1,436
1,63.66,1,422
2,1492.2,6,56
2,3718.8,2,23
0,4326.26,16,9
3,409.1,2,33
2,2579.38,2,211
3,1413.66,3,23
1,827.25,2,459
3,114.56,1,169
3,152.94,1,61
2,1800.07,5,52
3,791.38,3,260
1,128.31,1,511
1,295.09000000000003,1,382
1,985.14,3,377
0,4906.8,15,16
2,1579.37,3,266
3,21.95,1,176
1,361.94,3,409
3,1035.45,1,50
2,1059.45,6,16
1,755.15,1,377
1,351.01,1,422
1,837.53,2,437
0,1757.95,14,73
1,186.66,1,590
3,617.65,2,70
1,717.57,1,437
1,1141.24,1,352
0,3433.02,8,15
3,411.7,1,116
1,336.03999999999996,2,647
1,675.5,1,372
2,2151.11,3,196
2,2629.3900000000003,3,176
1,188.69,1,733
3,1117.84,3,99
1,238.05,1,724
2,3424.02,3,71
1,1307.58,3,339
0,4402.12,8,5
3,1029.77,3,30
1,176.9,1,645
1,328.95,2,476
2,1006.98,5,169
1,129.85,1,469
1,136.31,1,461
1,2069.3,4,464
2,1253.76,5,121
0,4657.95,15,21
1,126.05000000000001,1,476
2,1328.55,4,9
1,1313.67,4,625
3,301.9,1,268
2,1085.7,7,22
1,193.65,1,476
1,1392.43,3,429
1,107.33,1,736
3,233.22,1,126
1,381.66,1,694
3,361.21999999999997,1,138
2,1192.82,7,213
1,1194.92,3,428
0,5120.0,7,37
3,706.57,2,105
1,460.08,2,413
3,616.26,2,17
1,171.15,1,431
3,274.15000000000003,2,2
1,1491.4,3,389
1,402.71,2,330
2,2192.51,5,119
3,328.15,1,34
3,404.40000000000003,1,217
2,604.5500000000001,7,71
3,326.75,2,0
3,353.66,2,195
3,428.68,3,127
0,3597.5,12,46
1,310.83,1,562
1,1703.07,4,427
2,634.33,7,17
2,2037.7,6,431
0,2007.89,11,27
1,277.48,1,491
2,2774.0,7,551
2,3517.69,4,420
3,151.05,1,36
3,214.79999999999998,1,156
1,109.95,1,283
3,1526.06,3,106
0,3850.79,7,24
3,322.41,4,74
3,687.0699999999999,3,15
3,842.42,4,157
3,1198.74,2,43
1,224.51,1,384
0,3509.41,11,10
2,1795.8799999999999,8,31
1,53.5,1,290
2,2253.89,9,20
0,3330.0299999999997,13,332
3,494.44,2,17
2,1129.51,5,62
1,416.35,1,374
3,415.87,6,197
3,868.37,4,32
2,2919.65,5,0
0,2697.75,16,6
0,3512.53,6,4
3,896.66,4,9
2,946.94,6,31
3,109.36000000000001,1,52
3,707.04,2,11
0,3307.2,15,17
2,1548.1299999999999,4,18
3,1362.4,3,36
3,640.21,3,1
2,2662.73,7,17
2,1320.56,4,81
1,157.2,1,448
2,1328.61,5,32
1,309.49,2,381
2,1757.6,5,65
1,104.0,2,469
3,987.01,2,8
3,1308.48,2,266
3,362.95,3,246
2,2157.4,4,3
3,1780.59,1,60
1,258.7,2,395
1,353.1,2,407
2,2966.14,7,74
2,1358.95,4,89
2,1030.61,5,59
3,1102.59,3,28
1,918.55,5,322
1,186.05,1,653
2,1382.07,4,52
1,467.5,3,536
1,1100.21,4,400
3,761.8,3,269
2,1555.34,5,56
0,3537.0,14,60
1,137.8,1,475
1,127.88,1,627
3,1705.8,2,153
3,640.02,3,18
0,3159.44,9,94
3,511.4,2,264
1,177.5,1,311
3,443.05,1,69
1,167.25,2,301
3,552.68,3,18
0,2821.65,14,12
1,231.93,1,590
1,130.32,1,733
3,910.1899999999999,4,18
3,647.23,5,53
3,528.98,2,56
3,559.71,5,21
3,719.44,3,43
0,2972.88,9,26
1,35.7,1,492
2,1101.94,5,44
2,1487.42,8,112
1,75.0,1,395
1,526.27,3,375
3,346.12,1,24
3,443.06,2,190
1,302.7,1,301
2,1908.25,10,1
3,241.06,2,262
1,660.28,3,413
3,284.55,1,105
2,1102.94,6,56
3,642.81,3,212
3,287.4,1,63
3,384.52,2,27
0,2741.74,12,28
1,1011.5699999999999,3,511
1,329.34,3,667
1,301.25,2,380
3,798.35,5,5
1,310.70000000000005,1,721
0,3856.9700000000003,6,7
2,1028.48,5,66
3,899.47,5,1
1,162.24,1,520
3,602.73,4,33
3,775.14,3,135
3,367.87,2,197
3,707.69,2,197
3,1505.73,3,149
3,1013.15,3,87
1,332.17,2,630
1,251.71,2,530
3,7.45,2,63
0,4384.37,11,63
3,208.36,1,217
1,71.78999999999999,1,729
3,814.72,3,27
2,1609.22,3,177
3,136.0,3,73
2,1422.4,4,20
3,1314.68,3,19
1,746.24,2,420
0,3838.59,15,33
2,2869.16,7,508
3,787.52,3,73
3,828.91,5,23
0,2458.6,11,51
3,1189.98,4,274
1,789.6,2,433
3,470.83,4,164
2,1871.3400000000001,7,6
3,544.3,4,87
1,350.35,1,431
0,4320.02,11,63
3,331.0,3,24
3,300.83,2,9
3,769.29,1,75
1,453.38,1,681
3,220.62,1,15
3,139.35,1,191
3,404.3,2,173
2,2294.68,5,76
1,134.36,1,537
1,209.4,2,576
3,498.8,3,32
1,303.7,2,379
1,205.41000000000003,1,435
3,1533.16,2,46
1,385.56,1,540
2,2132.09,7,79
1,826.53,1,296
3,684.41,3,2
2,2330.77,6,8
3,100.97,2,160
2,2578.34,8,359
2,843.9100000000001,9,4
1,1237.23,1,382
1,266.5,2,619
0,3614.34,11,106
3,484.38,1,24
3,777.6,1,31
3,90.30000000000001,2,19
1,152.76,1,571
1,248.8,1,629
1,363.7,1,296
2,2079.75,6,371
2,1817.02,6,21
3,874.59,4,4
0,3216.3,10,51
3,101.69999999999999,1,29
3,162.7,1,276
3,959.37,4,60
3,554.16,4,24
2,2482.62,6,185
1,1144.26,3,414
1,433.36,2,435
1,308.14,2,445
3,717.21,2,171
3,1272.44,2,80
3,244.41,1,3
2,2012.0,4,189
1,48.349999999999994,1,667
0,2298.33,11,21
3,1095.56,3,18
1,635.9,1,641
3,981.59,2,4
3,548.97,1,109
1,10.55,1,640
1,399.62,3,540
0,3732.01,10,2
1,226.70000000000002,1,413
1,424.03,1,734
3,257.32,2,53
1,292.21,1,591
1,376.70000000000005,4,519
3,689.82,2,164
1,111.71,1,545
1,30.15,1,598
2,2237.12,7,95
3,475.02000000000004,2,242
0,2841.72,8,41
2,1915.68,6,34
3,281.85,2,23
1,185.20000000000002,1,396
0,3048.38,8,26
3,511.12,2,5
1,223.85999999999999,1,476
0,4422.76,6,53
1,87.8,1,568
1,773.05,4,363
3,614.66,5,14
3,865.6,2,193
1,1020.9000000000001,2,427
2,1455.23,5,2
0,4248.74,10,26
3,1009.6,3,126
3,663.61,2,84
3,1301.78,3,70
1,540.87,2,419
1,380.0,1,666
1,156.6,1,625
1,295.05,1,425
3,105.84,1,182
3,313.62,1,112
1,531.4,2,373
2,3163.67,5,79
1,341.59,2,593
3,1462.78,3,248
3,225.15,1,231
1,1361.28,4,385
3,612.36,4,70
1,605.9,2,400
3,213.5,1,68
2,1071.1399999999999,8,50
3,181.09,1,74
2,1810.18,5,60
3,579.63,4,15
3,90.04,1,3
1,145.04999999999998,1,285
1,172.8,1,385
0,2153.41,13,3
3,683.08,3,40
3,763.33,2,35
3,482.47,2,74
1,432.45,2,562
1,60.48,1,723
1,357.66,2,403
1,1288.72,2,453
3,75.66,1,218
2,1785.13,6,185
0,3245.43,9,32
3,618.59,1,69
3,1179.79,3,182
1,291.5,1,625
3,500.42,2,14
3,151.85,1,235
2,2647.59,5,30
2,1938.33,4,263
2,1758.93,6,3
3,813.48,4,51
1,225.4,1,543
3,1015.24,4,245
3,810.5699999999999,2,80
2,1654.03,5,274
3,322.8,1,78
2,2318.1,7,29
3,417.73,2,73
1,106.80000000000001,1,406
2,1892.52,7,481
1,406.4,2,485
2,2883.1,6,16
2,1814.61,6,222
1,473.0,1,406
2,3802.04,4,437
3,1154.47,4,31
0,2430.53,15,22
2,1747.98,4,30
1,179.4,1,397
3,554.5,2,105
3,1077.45,3,4
3,923.11,2,245
3,833.78,2,177
1,160.39,1,735
1,678.8,1,448
3,541.9,4,169
3,672.8,3,42
1,306.58000000000004,1,519
2,1916.11,7,71
1,136.2,1,586
3,1212.66,2,15
2,1711.47,8,140
3,933.62,4,9
1,804.07,5,367
3,39.12,1,188
2,1879.55,7,15
1,986.63,4,539
1,163.8,1,393
1,165.0,1,728
1,109.2,1,568
1,135.39999999999998,1,361
3,225.94,2,18
3,570.13,2,67
2,862.42,13,14
3,1370.47,2,23
2,1692.27,3,27
1,188.83,1,678
3,319.61,2,54
1,608.86,2,441
2,2361.9,6,33
1,880.62,2,410
0,3109.99,12,2
1,793.06,3,365
3,821.45,3,42
2,1921.84,7,72
2,1028.0,5,4
1,320.25,1,533
3,324.24,2,60
0,5070.92,16,46
1,157.63,1,390
2,1260.86,4,0
3,422.59999999999997,2,75
3,353.03,4,71
1,178.83,2,417
2,1764.6999999999998,4,255
2,1199.46,5,68
1,98.30000000000001,1,722
1,193.15,2,561
3,657.9000000000001,4,134
3,112.75,1,240
2,1998.0,2,226
2,994.6,7,379
1,1109.53,4,414
1,695.66,2,617
3,531.35,3,36
1,551.11,4,399
3,656.63,1,45
0,2868.48,9,2
0,4259.34,13,8
1,1514.8,3,316
3,625.52,2,77
2,2149.6800000000003,3,266
2,3647.53,5,368
0,3968.3,14,14
3,603.48,3,25
3,292.47,1,261
2,1301.63,4,90
1,147.35,1,404
0,1880.66,13,301
2,2088.41,7,25
1,1437.42,4,363
3,1054.67,4,45
3,743.11,3,51
1,174.05,1,647
0,4387.64,4,31
1,259.68,1,529
3,650.51,3,51
2,2956.56,5,505
3,835.1999999999999,2,52
1,3.75,1,297
3,786.43,2,176
1,236.81,1,394
1,173.06,1,624
0,2387.71,13,492
0,4253.26,14,28
2,1304.76,7,10
3,836.06,2,37
0,3637.33,14,17
2,4387.08,2,590
3,623.93,5,44
3,1764.72,1,30
1,415.0,1,372
3,223.92000000000002,1,57
2,2900.58,7,113
2,1312.3700000000001,7,214
1,270.48,2,318
3,369.34000000000003,1,64
3,789.79,3,7
1,228.0,1,429
3,316.62,1,96
3,1501.38,3,19
3,964.6999999999999,2,198
0,2799.25,13,3
1,454.75,2,293
3,1145.6,2,272
2,1708.12,9,47
3,1141.75,4,259
2,1932.13,9,57
0,3939.1,10,32
2,3723.5499999999997,3,422
3,421.24,3,56
2,1594.45,8,67
0,3056.89,16,9
3,619.85,2,59
2,1307.76,5,79
3,245.94,2,73
3,605.55,3,99
1,934.25,2,371
1,391.95,1,436
3,896.53,5,19
1,533.78,1,409
1,51.839999999999996,1,393
1,1035.43,4,397
2,1948.65,5,122
3,80.8,1,7
2,1545.6200000000001,6,3
0,4025.94,15,28
3,623.46,5,281
3,243.84,1,56
0,2088.89,15,0
2,2492.39,3,364
3,305.62,1,88
2,1827.77,5,392
1,848.71,3,553
1,495.98,2,431
3,1201.49,1,10
2,1619.73,4,162
1,582.61,2,678
3,332.3,1,64
3,536.99,3,22
3,1082.24,4,173
3,775.54,4,102
2,2123.88,6,142
3,288.42,2,98
2,1727.43,9,22
3,842.0400000000001,2,191
3,547.07,2,4
2,2392.0,4,360
2,1692.98,10,7
1,410.97,2,453
3,417.06,4,102
0,2804.9,13,2
0,3349.57,11,10
1,182.59,2,464
3,497.61,1,95
1,113.35,1,381
1,181.39,1,685
2,2260.09,7,226
3,686.24,3,15
2,1826.89,5,38
3,341.7,1,50
1,387.18,5,392
3,113.5,1,111
3,513.32,2,156
3,1207.5,4,38
1,91.8,1,564
3,417.61,5,183
2,2409.04,6,0
3,898.96,2,227
2,1538.41,6,127
3,782.37,4,39
0,3170.98,11,30
3,1159.61,4,196
1,139.85,2,602
0,4006.06,12,36
3,1264.19,3,100
1,614.34,2,562
1,253.88,1,617
3,842.41,3,49
3,614.89,2,42
2,1411.62,4,52
3,124.57,1,186
1,332.41,1,333
3,342.45,3,3
3,144.91000000000003,2,9
1,1408.96,2,416
3,328.4,2,23
3,358.49,3,14
1,352.8,1,442
0,4668.28,10,368
2,1932.41,7,144
1,1610.62,3,452
2,946.59,5,59
1,662.33,4,546
3,998.52,3,30
1,409.25,2,433
1,130.95,1,401
3,207.73999999999998,3,140
1,76.74000000000001,1,689
1,393.39,3,393
3,825.42,4,22
1,450.15999999999997,1,468
2,2812.34,6,21
2,1213.13,6,76
1,217.74,1,378
0,4234.53,11,66
1,136.01,1,403
2,853.72,6,11
3,13.3,1,83
2,1840.86,8,30
3,432.0,1,66
3,705.12,3,66
3,1073.92,4,37
3,709.49,4,14
1,134.0,1,455
3,660.72,3,34
1,437.15,3,400
2,2530.9,6,194
1,277.91,3,476
0,2056.82,11,1
2,762.1,7,0
1,401.35,2,366
1,1324.06,3,501
2,1121.42,5,64
1,103.95,1,554
1,289.78,2,298
2,1016.37,5,25
2,1721.02,8,7
3,882.16,3,16
1,204.26,1,728
3,1706.88,1,115
3,1062.28,3,28
2,1447.95,7,81
2,1707.9,9,28
1,252.59,1,721
3,379.14,1,71
2,1510.06,8,3
1,255.25,2,635
0,4480.31,15,28
3,423.90999999999997,3,289
3,208.46,1,35
2,1543.18,11,8
3,1117.5,4,23
3,1857.83,2,276
0,3213.29,16,49
1,355.45,1,410
3,446.67,3,60
1,611.08,1,572
3,846.75,3,20
1,125.65,1,539
2,1421.35,5,370
3,543.05,3,115
2,1295.39,7,3
3,380.55,3,25
3,440.71,3,52
0,3181.25,9,0
2,2110.9900000000002,6,54
1,535.1,3,381
3,551.17,2,25
1,202.1,1,498
1,449.0,3,488
1,33.0,1,611
2,1920.59,9,12
3,816.73,3,211
1,101.36,1,609
1,1222.04,5,382
3,946.71,4,235
2,868.77,7,138
2,1286.27,6,3
0,3776.37,10,56
3,1277.75,3,134
3,798.78,5,108
3,20.8,1,29
2,1309.41,6,184
3,308.74,1,17
3,416.64,2,238
1,809.44,1,434
3,117.35000000000001,1,86
2,2041.48,8,38
3,794.56,3,115
1,251.04,1,409
3,110.55000000000001,1,186
1,207.85,2,732
3,192.07,1,226
2,2154.97,7,7
3,319.02,1,188
3,439.43,2,3
3,650.41,3,38
1,71.4,1,625
3,357.21,1,37
1,786.25,2,382
1,127.0,1,385
1,365.5,2,522
1,926.12,3,422
3,251.51999999999998,1,266
1,496.0,4,394
3,768.88,3,77
0,2859.74,9,3
3,1473.3300000000002,3,254
3,384.06,1,60
0,3710.22,11,12
0,4888.75,11,29
0,2513.95,11,2
3,382.67,2,4
2,1133.25,6,6
3,344.0,2,218
1,1041.21,1,420
1,1950.9499999999998,2,463
2,2123.61,9,29
3,702.0,3,287
3,402.0,5,149
3,484.82,2,22
1,406.3,2,395
2,2571.55,7,85
1,830.16,4,401
2,2425.16,4,45
1,742.36,2,470
2,1636.32,8,4
2,1120.1,7,50
1,81.36,1,428
1,242.06,1,550
3,195.36,1,17
3,671.7,3,29
1,384.16,1,724
3,586.33,3,7
2,1842.56,3,28
1,552.4,1,576
2,2287.7,6,40
0,3996.9,11,10
1,935.62,2,541
1,1182.22,6,441
3,260.0,2,30
1,800.18,3,416
3,95.85,3,44
2,1510.6399999999999,5,60
3,208.98,3,184
2,1327.1100000000001,9,78
1,1593.83,3,580
2,2137.3,7,110
3,146.87,1,63
2,2773.85,6,11
1,2916.97,5,602
2,1332.79,4,85
2,1283.92,5,15
3,613.59,4,245
1,176.9,1,382
3,1267.32,1,87
3,743.17,2,29
1,1954.99,1,603
3,463.25,2,137
2,1686.28,6,26
2,1044.3799999999999,5,2
2,2616.55,8,31
3,827.6800000000001,5,112
2,1906.07,5,156
2,2289.23,6,84
2,2071.68,7,117
0,4391.66,10,95
3,714.39,4,193
3,413.75,1,27
3,498.48,1,130
2,1356.33,5,27
1,239.55,1,445
1,128.60000000000002,1,737
1,288.79,1,595
3,1179.89,3,81
3,234.24,1,265
2,1198.14,6,313
0,3638.53,13,20
3,859.35,3,58
1,194.7,2,637
1,228.34,1,725
1,454.54,3,724
3,445.32,2,113
0,3801.2000000000003,13,27
1,282.05,1,624
2,1444.84,4,17
1,203.05,1,562
0,2241.73,10,17
2,1242.75,6,35
1,306.0,1,577
3,375.86,2,35
3,118.80000000000001,1,77
2,957.53,7,21
2,964.39,6,24
0,4732.03,6,32
0,4049.79,9,108
0,5202.97,3,34
2,2050.08,6,6
1,221.53,1,737
2,1991.01,4,27
1,128.45,1,385
0,3149.48,13,3
1,235.88,1,592
1,402.20000000000005,2,321
2,2572.25,7,22
0,3759.18,11,14
2,1340.45,9,1
1,591.0699999999999,3,381
1,582.17,1,532
3,971.74,2,17
2,2507.05,7,9
3,25.5,1,261
1,424.3,1,721
1,474.03,1,423
3,665.78,2,158
1,491.23,1,388
1,174.95,1,663
2,1295.46,8,28
3,510.7,3,164
3,476.58,2,46
1,205.17,1,502
1,2322.59,6,573
2,808.62,8,5
2,2761.4900000000002,7,7
1,389.78,1,647
1,116.19999999999999,1,287
1,157.02,1,317
3,606.91,2,2
3,307.46,1,232
1,314.74,1,402
3,570.5,4,118
3,966.67,3,161
3,298.89,1,184
3,259.35,1,49
2,2062.94,9,151
1,1155.0300000000002,5,428
1,157.09,1,334
1,31.85,1,519
2,2463.17,5,4
1,1272.8,2,451
3,637.1,3,106
2,1948.36,10,15
1,231.68,1,661
1,1133.63,6,415
0,4417.27,7,275
3,465.32,1,246
1,754.33,4,417
2,1283.75,4,238
1,924.11,2,416
3,984.57,2,0
2,3120.91,4,512
0,3199.95,9,22
3,124.88,1,51
1,143.10000000000002,1,450
2,1375.65,6,376
1,231.90000000000003,1,734
2,2016.5,4,194
3,213.78,1,23
3,329.34,1,74
2,892.46,7,17
1,591.87,1,491
2,1980.0,5,31
2,2099.59,5,21
1,856.01,1,443
2,1715.46,10,28
3,699.78,4,21
2,2467.35,7,32
2,1794.32,6,283
3,206.34,2,38
1,867.11,3,379
1,400.2,1,498
3,1156.73,3,57
1,178.68,2,373
3,384.59,2,288
3,956.5699999999999,3,78
0,3766.6,8,4
3,59.9,1,217
2,1443.69,4,43
3,902.3199999999999,3,201
1,119.5,1,504
1,436.71,1,730
2,1507.26,6,177
0,2256.98,11,55
3,465.37,3,56
1,321.3,2,422
2,3347.31,6,7
1,198.41000000000003,2,568
1,229.46,3,591
3,144.0,2,46
3,467.71,2,226
0,4592.93,13,10
2,957.63,5,105
2,1741.2,7,58
0,4836.05,15,27
1,77.83,1,535
2,2310.04,9,35
1,776.66,2,360
1,562.98,1,654
1,352.9,1,427
3,1013.01,1,29
3,1213.88,3,23
1,145.12,1,581
1,356.71,4,386
3,1231.54,4,53
1,160.65,1,420
3,999.35,3,53
3,204.24,1,52
1,302.37,1,651
1,115.35,1,395
1,611.6,3,648
1,253.37,1,392
0,4046.65,13,26
3,794.41,3,252
0,5182.3,13,39
2,1069.1200000000001,6,59
1,186.15,1,463
1,65.05,1,553
3,218.0,2,233
3,259.13,2,31
2,978.52,5,6
2,1589.1100000000001,6,64
1,803.53,3,309
1,100.86,1,500
1,131.15,1,581
1,900.12,3,308
0,2022.03,12,18
0,3177.24,13,15
3,318.76,2,95
3,421.52,2,2
3,560.86,3,34
3,149.89000000000001,1,182
2,1904.8799999999999,8,24
0,1929.26,12,12
3,1002.08,4,10
1,1189.45,4,312
1,130.6,1,595
0,2744.14,12,384
2,2889.28,5,107
2,1826.04,5,52
3,371.63,2,204
1,38.92,2,546
3,282.19,1,14
3,546.16,2,119
1,68.03,1,428
3,384.52,2,3
1,812.4300000000001,3,362
3,353.86,2,116
3,178.26,1,17
3,470.73,3,4
3,799.13,4,40
3,498.93,5,106
1,192.73,2,435
1,417.3,2,396
2,1889.34,6,147
1,120.95,1,410
1,230.44,1,509
0,2757.62,11,51
3,63.440000000000005,1,207
1,279.59,1,423
3,562.9,2,138
3,517.73,5,1
3,317.62,2,126
2,1733.8899999999999,11,107
1,537.46,1,385
1,604.4,2,468
1,210.39,1,735
2,2148.63,4,41
1,141.12,1,423
3,577.38,2,34
1,114.52,1,382
1,507.14,1,401
3,1065.3500000000001,2,227
3,271.24,2,240
3,187.82999999999998,1,57
1,118.85999999999999,1,437
1,797.8499999999999,6,373
2,2339.66,5,129
1,188.46,1,378
2,2563.7,7,59
1,420.84,2,627
3,395.48,3,21
0,2499.98,11,8
2,2079.39,9,31
2,1440.96,8,3
1,550.8000000000001,1,307
1,271.75,2,471
1,467.78999999999996,2,668
3,556.95,3,28
1,338.13,1,729
3,131.78,1,16
2,941.66,5,100
2,1016.08,6,11
1,393.64,2,390
3,330.43,2,20
2,1135.63,5,14
1,250.04,1,360
1,111.5,1,533
1,2135.46,1,648
0,3999.8900000000003,11,394
2,4511.76,2,392
3,330.59000000000003,3,94
1,1025.1,2,386
0,3566.56,6,77
3,644.3,3,138
2,2328.84,1,30
1,124.45,1,419
2,2600.34,3,45
1,164.28,1,724
1,29.1,1,668
2,2895.77,6,99
2,1741.18,6,7
1,922.59,5,375
0,1562.19,12,14
0,2301.87,12,17
3,609.5699999999999,3,279
1,321.95,2,407
1,152.35,2,409
1,104.7,1,672
2,1004.4300000000001,5,13
3,423.8,4,22
3,175.2,1,123
1,827.77,5,527
3,494.25,1,85
1,635.15,3,301
1,508.0,2,383
1,81.12,1,471
2,2026.42,4,150
3,362.36,3,93
2,1889.83,5,156
1,1227.54,4,379
2,1259.94,6,354
3,468.11,2,45
2,1604.68,10,14
3,228.96,1,85
0,2464.31,9,14
3,852.25,5,178
2,1906.041,7,7
0,1964.38,12,35
1,36.25,1,695
2,3242.0,4,128
2,3143.46,4,50
1,285.11,1,385
2,946.47,5,311
3,388.14,2,23
3,866.05,5,302
3,284.46,2,10
2,1231.3799999999999,6,16
3,880.64,5,48
2,1024.04,7,238
1,940.86,3,394
1,1096.24,2,431
3,168.4,1,237
0,2826.14,14,22
1,979.1999999999999,1,455
3,446.18,4,72
2,658.55,6,16
2,1167.5,7,39
3,727.11,3,218
3,660.55,4,198
3,453.64,4,70
1,10.95,1,373
3,404.66,1,10
1,645.0,3,433
2,902.28,8,64
3,309.99,2,3
3,507.55,3,18
3,261.11,1,14
2,2812.77,7,7
3,784.11,2,19
0,2691.57,11,77
1,149.3,1,420
3,508.8,2,163
1,620.56,3,306
1,381.15,2,410
3,203.86999999999998,1,218
1,97.5,1,507
3,1233.18,3,21
3,653.38,3,114
0,4677.05,8,125
1,114.85,1,540
3,400.57,2,35
3,1031.41,3,0
0,4905.05,13,332
1,552.9,1,411
3,316.09000000000003,3,162
2,1214.72,5,15
2,1425.38,5,11
0,4417.52,16,2
1,560.14,2,404
2,2249.52,6,43
3,507.84,1,79
1,164.18,1,548
3,670.0600000000001,3,41
2,1084.43,6,49
1,1059.41,3,385
0,3594.76,11,15
3,1118.95,3,45
3,759.17,2,18
3,100.8,1,71
2,1357.46,5,127
3,735.17,4,32
1,403.3,1,312
2,1751.39,9,17
3,569.96,2,87
2,2373.82,7,1
1,331.35,1,410
3,534.06,5,1
1,373.17,1,529
2,1422.77,5,253
1,325.74,1,655
3,323.58,4,156
1,293.35,1,731
0,4620.3,15,36
3,534.24,1,219
2,2389.1,2,151
3,120.9,2,176
3,541.53,2,39
0,4948.15,13,1
2,1721.4,7,0
3,486.71999999999997,2,17
2,1547.94,10,191
3,131.7,1,203
1,1225.42,2,364
3,529.58,2,14
3,657.3,2,42
0,2228.27,16,93
3,757.46,3,22
3,675.69,2,59
2,2557.91,7,15
3,1000.94,3,157
2,2542.79,7,425
3,763.28,2,9
1,102.6,1,394
3,194.8,3,9
0,2804.87,11,44
1,321.65000000000003,1,474
3,935.1,4,190
1,607.0,2,408
1,1047.0,1,599
3,194.37,1,78
1,489.86,2,395
1,1144.3,2,612
1,1272.8,2,407
1,389.26000000000005,1,632
3,902.03,2,77
2,1255.59,4,3
1,778.19,2,486
3,591.73,4,64
1,209.57,2,575
3,396.87,1,260
1,160.55,1,727
1,336.5,1,640
3,376.64,2,58
0,2750.5,9,0
3,1122.42,3,247
1,100.91000000000001,1,384
1,54.699999999999996,1,501
3,806.72,3,7
1,1412.89,4,358
1,287.25,2,389
3,272.22,1,75
3,1341.39,2,289
3,1138.0,3,16
3,288.6,2,220
3,689.1,4,8
3,558.96,2,2
2,2435.48,5,161
3,302.2,1,75
3,605.58,2,261
0,4579.23,8,280
3,514.56,2,24
3,1158.8,3,71
3,542.83,2,127
2,1617.46,9,30
2,957.55,6,14
1,153.94,1,308
1,329.42,2,425
0,5109.47,15,16
3,546.81,1,53
2,1278.06,5,29
2,1066.15,5,1
3,652.74,4,10
1,539.14,3,360
1,1161.9,3,359
0,4166.04,12,4
3,939.37,4,53
0,3628.5,8,0
1,1240.25,2,609
0,3136.92,12,0
3,1266.82,3,189
1,65.34,1,385
1,34.8,1,434
2,1668.83,5,53
3,164.4,1,279
3,364.83,3,176
3,897.62,2,29
3,98.42,1,25
1,1211.57,3,627
2,1590.6000000000001,6,24
1,124.46,1,509
3,341.7,3,269
1,120.05,1,549
1,960.69,3,389
2,1448.54,6,42
1,727.85,2,375
3,731.26,4,233
3,148.86,2,23
0,2547.64,9,196
1,306.84,1,358
0,3085.29,12,59
2,3757.6,4,129
2,1952.45,5,0
2,1057.74,5,19
3,300.67,2,205
3,575.46,4,13
1,259.17,1,392
1,167.62,1,512
2,1895.8,8,94
3,722.34,4,18
2,1122.38,7,13
1,392.38,2,577
3,454.01,3,23
1,131.83,1,586
3,901.21,2,7
1,382.79,1,632
1,344.14,1,331
2,1702.5,5,49
2,723.01,10,70
3,380.6,3,28
3,185.65,1,242
1,171.7,1,666
1,348.75,2,644
2,1047.33,7,217
3,753.28,4,4
3,542.32,5,252
2,1450.7,5,235
1,135.95,1,559
2,2093.3,7,108
1,167.4,1,618
1,178.71,1,627
2,2939.55,7,99
3,1477.97,3,1
2,2776.67,8,72
1,148.3,1,738
2,2497.88,4,84
3,388.79,2,11
0,4920.67,13,22
2,3484.09,5,213
1,409.98,1,380
1,52.05,1,477
3,161.67000000000002,1,17
3,421.06,2,238
2,1793.48,4,77
2,945.9300000000001,6,216
1,160.75,1,589
1,87.30000000000001,1,736
1,333.81,1,375
3,498.53,4,32
0,1881.8,11,40
1,1529.49,5,539
0,4559.150000000001,14,22
3,390.07,1,56
2,733.2,6,129
3,1060.8,4,173
1,395.33,1,558
0,4073.2400000000002,11,5
1,218.52,1,311
3,81.44,1,59
2,3175.12,6,20
1,1130.21,2,597
2,2383.67,7,32
2,1568.63,4,14
1,254.0,1,602
1,296.36,1,478
3,75.75,1,80
0,2455.52,10,5
3,503.59999999999997,2,169
2,998.49,7,1
2,2057.39,7,30
2,2361.9700000000003,9,35
1,1265.58,3,423
3,285.56,1,18
3,547.0600000000001,2,30
1,842.4,2,646
2,615.17,6,275
2,3168.94,6,86
2,1824.49,5,119
1,541.25,2,372
0,4149.79,12,218
3,331.65999999999997,3,64
2,2216.37,5,60
3,1578.89,3,137
3,166.08,1,20
0,4867.72,12,24
3,1207.56,4,36
3,117.55,1,276
0,3652.48,9,10
2,1674.69,5,72
1,126.0,1,429
3,595.42,2,25
0,3834.79,14,16
3,359.47,2,140
1,412.92,2,661
3,1166.23,4,18
1,563.1,1,492
2,2047.8,5,3
0,3950.7,9,65
3,347.75,2,0
3,205.7,1,227
2,2403.34,5,15
0,4233.58,13,1
3,851.7,2,73
0,2765.84,10,3
3,599.76,2,263
0,3577.61,7,52
3,497.45,3,23
1,731.2,5,596
0,4456.78,11,9
1,819.01,3,385
3,239.41,1,43
1,432.68,1,420
1,304.2,1,393
1,317.08,2,387
1,780.0500000000001,4,357
0,2960.44,12,126
3,200.47,1,136
2,1695.97,3,141
2,1746.04,5,131
3,338.95,1,235
3,154.95,1,260
1,442.0,2,476
3,417.95,1,252
2,3144.04,6,29
3,1094.84,4,34
3,885.19,2,168
0,2083.9,11,2
2,609.3000000000001,8,184
3,887.9300000000001,4,187
3,671.01,5,169
1,293.5,1,423
3,385.1,2,10
3,522.91,1,44
1,1198.09,4,381
2,1410.18,5,320
3,489.59999999999997,2,200
1,376.92,1,420
3,439.18,2,231
0,2768.91,10,25
1,307.21000000000004,1,658
0,4430.36,5,95
0,3378.4000000000005,7,126
3,1033.0,3,70
0,3439.08,11,15
2,1092.06,7,394
3,1060.25,1,14
0,4238.76,5,3
1,438.65000000000003,1,595
2,1708.99,6,78
2,2470.39,8,372
3,692.19,2,38
2,1442.32,6,53
3,377.44,3,8
3,168.24,2,8
0,4183.56,13,18
1,426.9,6,388
1,101.1,2,406
0,2098.48,11,112
1,229.2,1,447
2,2649.14,7,3
1,600.34,2,477
3,904.1800000000001,4,239
3,71.4,1,112
1,358.15,1,526
3,1026.18,3,177
2,1781.28,9,4
1,157.85999999999999,1,420
1,80.64,1,358
1,390.56,4,463
0,4577.53,13,0
1,733.7,3,375
0,5012.53,12,18
2,1275.66,5,16
2,918.93,6,21
3,712.78,1,32
1,129.75,1,455
3,86.15,4,262
2,1623.64,5,50
3,530.8,4,158
1,299.61,2,380
3,413.05,2,14
0,3509.51,7,7
2,1143.27,5,198
3,386.93,4,56
3,384.77,3,10
1,585.27,2,513
0,3327.05,9,96
3,56.4,1,254
1,337.3,2,386
3,665.86,3,24
1,197.70000000000002,1,661
3,658.57,3,20
1,352.91,3,666
3,188.02,2,158
1,679.02,2,382
3,379.91,3,71
1,112.86,1,549
3,403.38,3,52
3,278.74,2,84
2,2601.4700000000003,4,152
3,1112.95,2,73
3,397.15,2,280
3,106.1,1,29
1,370.05,2,466
3,323.04,1,24
1,147.3,2,686
3,350.39,2,179
2,1361.99,7,39
2,1985.87,8,21
1,177.19,1,581
2,1198.01,9,36
1,798.3299999999999,3,450
0,5053.12,10,81
1,184.66,1,391
1,385.23,3,375
3,927.03,2,73
3,546.04,1,10
1,437.87,3,394
1,262.64,4,548
1,344.86,2,668
2,1165.8899999999999,7,12
2,1770.8799999999999,5,13
1,1617.32,2,374
1,591.96,1,392
3,112.32,6,36
2,807.85,6,3
1,130.18,1,737
1,183.56,1,373
1,334.62,1,405
2,2179.65,5,419
1,494.25,2,420
3,298.4,1,50
1,731.96,4,598
1,134.59,1,373
2,2388.05,6,4
3,1165.09,4,22
0,4756.74,5,298
3,398.7,3,1
3,35.400000000000006,1,32
3,155.37,1,49
1,342.36,1,722
1,730.47,2,414
3,350.64,3,2
3,109.83,1,46
2,1587.48,8,41
3,338.8,1,41
1,185.72,1,443
1,430.69,1,601
1,318.48,2,302
3,51.559999999999995,1,106
1,598.19,4,554
1,125.74000000000001,2,515
2,1063.76,8,217
2,1563.34,6,421
3,663.21,5,11
1,1608.19,3,406
2,1071.45,6,184
1,417.94,1,372
2,1418.03,4,1
1,148.21,1,304
1,1015.54,4,368
1,1279.09,4,323
2,924.32,5,12
3,1134.95,3,142
0,1599.95,14,29
1,234.65,1,385
2,1036.16,7,106
0,3108.15,13,1
2,1118.99,5,204
1,235.87,1,381
2,683.46,6,184
1,167.1,1,687
2,3424.02,3,399
3,237.61,1,169
3,1412.33,3,43
3,178.51999999999998,1,173
1,824.9200000000001,3,364
1,133.35000000000002,1,303
1,313.46,2,378
2,995.85,7,2
3,190.19,1,11
2,1608.38,6,31
3,111.35,1,128
2,774.87,7,211
1,602.09,2,322
3,203.85999999999999,1,161
3,244.1,3,55
3,112.25,1,224
3,98.0,1,43
3,256.32,1,22
0,2538.15,9,172
3,299.18,4,84
3,155.8,1,158
3,112.19999999999999,2,189
3,260.08,3,28
1,216.39999999999998,1,546
1,381.09000000000003,1,393
3,191.67,1,20
0,2373.02,13,70
3,72.9,1,246
1,291.76,1,640
2,1411.54,5,373
1,132.55,1,736
1,261.7,1,725
3,366.23,1,8
3,372.55,6,309
0,3475.44,14,58
3,336.43,1,3
1,242.13,1,550
1,43.87,2,628
3,341.28,3,44
1,388.44,3,500
3,1840.32,2,87
0,2423.5,10,63
1,170.4,1,542
3,497.0,3,281
0,3536.7000000000003,8,11
1,488.16,1,372
2,1035.49,5,132
1,294.0,1,721
3,313.16,3,44
0,3082.1,12,10
0,4275.22,13,35
0,3437.29,14,133
3,1331.57,3,28
1,105.99,1,631
3,1049.15,3,51
2,683.24,7,137
3,389.84,1,4
0,4301.22,7,8
1,144.29,1,419
3,99.14,1,159
2,1433.28,4,130
3,77.50000000000001,1,7
1,75.41,1,422
1,359.5,3,696
3,149.57999999999998,2,232
3,176.68,1,36
3,358.56000000000006,1,146
2,1432.81,7,71
2,1636.0800000000002,4,39
1,819.61,4,377
1,150.32,1,539
2,949.9,6,198
3,12.75,1,248
3,110.72,1,65
3,973.88,2,116
1,140.75,1,591
3,135.08,3,170
3,686.37,4,141
1,651.51,4,470
3,733.46,2,31
2,1974.42,10,37
1,357.28999999999996,2,371
1,888.04,4,373
3,582.59,1,210
1,161.94,1,547
3,136.04,1,241
3,337.04,1,51
2,1858.06,6,24
1,706.38,1,371
3,1565.6299999999999,2,28
1,1461.76,4,364
3,754.31,4,35
3,1033.42,4,165
1,239.12,1,410
1,138.18,1,680
1,171.71,1,394
2,1187.77,5,144
3,634.95,1,21
3,20.8,1,55
2,1003.64,5,184
2,485.69,13,11
1,228.82999999999998,1,378
2,1527.6100000000001,6,236
3,318.9,3,224
1,254.13,1,388
1,235.19,1,616
0,2307.32,11,121
3,495.48,3,281
1,469.73,3,379
2,1970.6699999999998,8,73
1,639.24,3,379
3,730.9,3,36
1,124.25,1,563
2,953.84,6,11
1,243.17,4,375
1,358.61,1,375
1,169.47,1,361
3,249.72,2,3
3,997.86,4,22
1,220.32,1,392
2,2155.83,8,234
3,174.8,1,256
1,527.03,2,372
1,115.3,1,722
3,187.29,2,154
3,158.47,1,27
3,120.03,1,3
2,1960.46,7,31
3,688.0,4,80
3,297.99,4,107
3,38.45,1,51
1,190.48000000000002,1,543
1,227.06,2,509
2,1651.16,5,35
3,389.78,2,152
2,1177.72,6,379
1,2074.07,2,500
3,115.31,1,98
1,192.05,1,582
1,433.77,1,641
3,230.64999999999998,2,3
1,462.09999999999997,1,378
1,73.5,1,333
3,97.97,1,64
3,792.85,3,21
2,1276.74,5,35
2,1563.6399999999999,11,31
2,167.42,15,153
1,149.41,1,555
1,579.17,4,373
3,357.20000000000005,2,18
3,281.15,2,53
3,875.97,3,24
3,189.4,1,44
1,189.63,1,649
1,342.69,2,380
3,401.73,3,202
1,556.1,2,436
1,412.06,2,358
1,2282.28,7,633
3,571.07,3,70
1,176.5,1,392
3,554.6,2,287
1,1182.39,3,392
3,774.06,3,9
3,306.46,3,22
1,1185.46,2,407
2,1632.67,6,172
1,186.60000000000002,2,390
0,4495.03,11,132
3,1440.4,3,74
3,396.33,1,39
1,101.69999999999999,1,288
0,4524.66,11,25
1,314.1,1,668
2,1428.63,6,257
3,247.44,1,185
0,3877.5200000000004,12,113
1,1509.04,2,373
1,151.49,1,379
3,844.6,4,216
0,4242.75,5,44
3,1231.5,2,18
3,343.45,3,35
3,703.37,1,25
1,470.72999999999996,1,397
3,812.93,3,15
2,1645.75,4,329
3,101.34,1,273
3,167.67000000000002,1,60
1,428.45,1,446
1,349.4,1,421
1,360.85,1,592
0,4452.71,8,92
2,2303.09,5,312
2,1785.57,6,11
0,4663.32,11,7
1,550.84,1,395
3,168.31,1,126
1,451.56,1,549
3,629.16,5,10
1,105.8,1,548
3,754.64,1,36
3,113.48000000000002,1,37
2,1461.46,6,329
1,167.13,1,441
3,848.8100000000001,3,253
3,435.43,2,19
1,405.85,1,588
3,775.96,4,11
1,152.64000000000001,1,368
1,220.1,1,289
1,9.700000000000001,1,697
0,2150.7,13,67
3,319.47,1,25
1,362.24,1,367
3,111.15,1,213
3,673.1,2,148
2,1824.99,6,7
3,684.59,3,23
1,111.53,1,471
3,1142.99,4,29
3,204.49,1,60
3,561.53,4,18
1,420.04,1,536
3,112.55000000000001,1,242
3,1059.39,3,14
1,222.95999999999998,1,631
1,226.9,1,503
3,931.4999999999999,1,211
1,445.0,2,597
2,1249.6200000000001,10,28
2,1631.3600000000001,5,62
1,145.99,2,550
1,152.65,1,294
1,536.41,1,473
1,882.47,2,401
3,1019.52,2,156
3,1000.16,2,116
3,160.35000000000002,2,140
3,179.33999999999997,2,45
1,114.10000000000001,1,646
2,1624.71,7,50
3,566.58,3,31
2,1879.44,6,134
1,426.69,1,645
1,246.22,1,658
2,932.6,5,2
3,371.62,3,74
3,941.1700000000001,2,12
1,215.35,1,570
3,453.4,2,8
1,530.15,1,300
3,1003.88,3,56
2,1803.1000000000001,6,14
1,379.16,1,731
1,728.84,1,583
3,399.65000000000003,1,36
3,302.46000000000004,1,176
1,175.5,1,623
3,1384.8600000000001,3,22
0,3770.27,16,175
3,202.65,1,60
0,2878.0,9,32
0,2437.31,9,58
2,2696.36,5,86
3,162.5,2,6
1,176.1,1,675
1,476.35,1,357
2,2216.87,9,30
2,2547.55,8,8
2,1843.75,6,4
2,1205.94,5,23
1,291.13,1,462
3,632.07,2,226
3,49.8,1,14
3,304.25,1,248
1,329.58,1,722
1,724.89,1,631
2,3280.59,6,14
3,1403.73,3,77
3,745.62,5,191
3,529.4,2,261
3,957.97,1,71
3,1207.35,3,164
0,4162.04,6,81
1,101.16,1,386
2,1462.3899999999999,4,94
1,230.1,1,575
1,344.75,1,683
3,163.8,1,105
1,447.53000000000003,1,722
3,1396.99,3,199
3,494.42,4,156
2,1993.7,3,70
3,517.36,2,35
1,314.65999999999997,1,552
1,544.47,1,498
1,360.08,1,565
3,139.10000000000002,1,28
2,2768.83,7,1
3,600.07,5,25
1,546.72,2,325
3,232.48000000000002,1,236
1,1780.34,4,530
2,2247.4900000000002,5,88
3,481.75,1,30
3,945.04,4,28
3,1142.0,4,210
2,1921.76,6,226
2,1424.94,6,21
3,443.0,1,92
3,158.95000000000002,1,263
3,388.75,2,217
3,779.9,2,56
0,4291.06,9,8
3,592.97,4,81
1,440.0,1,325
1,179.6,1,551
2,1796.48,3,71
0,1795.3500000000001,12,29
2,987.1,5,2
1,270.92,1,514
2,2150.36,6,218
3,422.58,1,45
0,3605.21,8,71
1,515.78,1,413
1,568.64,2,430
3,758.8199999999999,3,23
1,839.73,3,414
3,804.02,2,122
3,95.34,1,16
1,349.27,1,309
2,1542.09,7,50
1,317.88,1,642
1,267.9,1,580
3,303.15,2,88
1,110.7,1,387
0,4585.15,12,38
2,2059.67,6,463
0,4318.200000000001,7,24
3,324.24,2,42
3,577.54,3,139
3,1213.1599999999999,3,25
1,603.25,1,498
3,801.51,2,71
1,251.1,1,433
1,269.37,1,672
2,1490.23,6,133
1,337.2,1,365
3,444.55,3,37
1,680.85,2,609
0,4385.9800000000005,9,2
3,357.0,4,1
3,175.92,1,29
1,741.85,2,577
2,1656.52,6,43
2,1180.05,5,57
3,414.20000000000005,2,73
1,231.33999999999997,1,518
3,488.15000000000003,2,277
3,201.14,2,180
3,178.05,2,7
1,411.68,1,431
1,377.0,1,660
1,1246.43,2,476
0,4132.99,7,42
